Date,Symbol,Series,Prev Close,Open Price,High Price,Low Price,Last Price,Close Price,Average Price,Total Traded Quantity,Turnover,No. of Trades,Deliverable Qty,% Dly Qt to Traded Qty,sma,std,upper_band,lower_band,Call
2017-06-09,HEROMOTOCO,EQ,3784.45,3796.3,3800.5,3755.6,3786.0,3780.1,3779.46,302560,1143513647.5,19861,198672,65.66,3684.06,107.36653722547587,3898.7930744509517,3469.326925549048,2
2017-06-12,HEROMOTOCO,EQ,3780.1,3777.0,3790.0,3760.35,3771.05,3773.25,3779.97,182605,690242211.0,17760,117935,64.58,3696.95,101.36603163003424,3899.6820632600684,3494.2179367399312,2
2017-06-13,HEROMOTOCO,EQ,3773.25,3780.0,3785.35,3742.25,3751.0,3752.5,3765.91,212476,800166535.5,16843,128289,60.38,3703.6050000000005,100.3709945782727,3904.346989156546,3502.863010843455,2
2017-06-14,HEROMOTOCO,EQ,3752.5,3764.0,3808.0,3751.05,3781.3,3789.05,3788.77,374661,1419506200.95,39825,260012,69.4,3710.7600000000007,101.14222997447999,3913.0444599489606,3508.4755400510408,2
2017-06-15,HEROMOTOCO,EQ,3789.05,3786.0,3820.0,3760.0,3774.0,3777.7,3785.08,163019,617039697.15,14888,94856,58.19,3720.0425000000005,98.14888432081709,3916.340268641635,3523.744731358366,2
2017-06-16,HEROMOTOCO,EQ,3777.7,3798.0,3798.0,3757.8,3780.0,3783.55,3780.53,229485,867574013.0,20613,161061,70.18,3730.6375000000007,92.56538354192267,3915.7682670838462,3545.506732916155,2
2017-06-19,HEROMOTOCO,EQ,3783.55,3790.0,3834.0,3790.0,3830.0,3825.45,3821.75,176591,674886161.8,22384,76227,43.17,3743.787500000001,85.85256008045732,3915.4926201609155,3572.082379839086,2
2017-06-20,HEROMOTOCO,EQ,3825.45,3829.0,3846.9,3781.0,3786.0,3797.0,3806.82,235259,895588945.7,34610,122496,52.07,3754.3875000000007,77.93839651491375,3910.2642930298284,3598.510706970173,2
2017-06-21,HEROMOTOCO,EQ,3797.0,3805.0,3809.8,3756.0,3765.0,3769.25,3773.21,253054,954826784.8,30240,205141,81.07,3764.4700000000003,64.36395975846736,3893.197919516935,3635.7420804830654,2
2017-06-22,HEROMOTOCO,EQ,3769.25,3770.0,3788.3,3717.55,3721.65,3730.7,3758.12,272211,1023001975.0,22996,185201,68.04,3769.7125,56.235828331749765,3882.1841566635,3657.2408433365003,2
2017-06-23,HEROMOTOCO,EQ,3730.7,3725.0,3730.05,3650.0,3650.55,3660.1,3676.28,371113,1364314798.65,43755,260537,70.2,3771.7975000000006,50.845163499746256,3873.487826999493,3670.1071730005083,2
2017-06-27,HEROMOTOCO,EQ,3660.1,3676.0,3711.7,3636.6,3700.0,3695.2,3671.43,365879,1343297828.15,44560,262472,71.74,3773.2675000000004,47.96263423640202,3869.1927684728043,3677.3422315271964,2
2017-06-28,HEROMOTOCO,EQ,3695.2,3681.0,3723.6,3667.05,3688.4,3688.45,3698.43,496312,1835577487.45,40066,364249,73.39,3770.6724999999997,51.13636947315363,3872.9452389463067,3668.3997610536926,2
2017-06-29,HEROMOTOCO,EQ,3688.45,3700.0,3735.95,3682.0,3724.5,3716.35,3706.91,384888,1426746550.25,31569,198187,51.49,3769.2175,52.29272686421006,3873.80295372842,3664.6320462715803,2
2017-06-30,HEROMOTOCO,EQ,3716.35,3690.0,3714.75,3665.0,3685.4,3701.35,3687.49,205581,758078830.45,20124,119182,57.97,3767.6175000000003,53.91239305577279,3875.442286111546,3659.7927138884547,2
2017-07-03,HEROMOTOCO,EQ,3701.35,3688.0,3785.25,3671.4,3770.1,3776.1,3740.38,249649,933782078.1,17602,96380,38.61,3763.9350000000004,50.40852345429531,3864.752046908591,3663.1179530914096,2
2017-07-04,HEROMOTOCO,EQ,3776.1,3804.05,3804.05,3693.65,3700.0,3703.35,3726.19,474327,1767434870.55,31147,171046,36.06,3757.355000000001,49.22603584753996,3855.807071695081,3658.902928304921,2
2017-07-05,HEROMOTOCO,EQ,3703.35,3700.5,3717.7,3696.8,3701.0,3709.75,3708.94,142509,528557277.0,13756,63523,44.57,3752.845000000001,49.25013999445898,3851.345279988919,3654.344720011083,2
2017-07-06,HEROMOTOCO,EQ,3709.75,3716.05,3745.0,3708.0,3722.8,3725.35,3733.53,161483,602901500.0,17899,83270,51.57,3746.9500000000016,44.70596333706342,3836.3619266741284,3657.538073325875,2
2017-07-07,HEROMOTOCO,EQ,3725.35,3720.0,3722.7,3673.0,3675.05,3681.65,3690.33,182590,673818223.45,27176,108288,59.31,3741.8100000000013,46.05676588961326,3833.9235317792277,3649.696468220775,2
2017-07-10,HEROMOTOCO,EQ,3681.65,3699.55,3740.0,3687.0,3725.2,3731.0,3724.71,43195,160888828.4,3510,20054,46.43,3739.355000000001,45.2091510880859,3829.773302176173,3648.936697823829,2
2017-07-11,HEROMOTOCO,EQ,3731.0,3735.0,3757.3,3735.0,3745.5,3748.3,3751.06,227102,851873451.55,26279,174117,76.67,3738.107500000001,44.56426251405006,3827.2360250281013,3648.9789749719007,2
2017-07-12,HEROMOTOCO,EQ,3748.3,3758.95,3776.95,3707.65,3721.2,3718.75,3735.47,232681,869171938.6,23536,158417,68.08,3736.420000000001,44.62953470988876,3825.6790694197784,3647.1609305802235,2
2017-07-13,HEROMOTOCO,EQ,3718.75,3732.2,3768.0,3731.1,3749.95,3750.95,3757.93,384727,1445775565.05,16231,304453,79.13,3734.515000000001,43.049992664588956,3820.6149853291786,3648.415014670823,2
2017-07-14,HEROMOTOCO,EQ,3750.95,3765.0,3796.0,3738.0,3752.0,3758.05,3767.92,187230,705468246.2,14517,101149,54.02,3733.532500000001,42.22893830376592,3817.990376607533,3649.074623392469,2
2017-07-17,HEROMOTOCO,EQ,3758.05,3758.05,3785.0,3738.05,3765.0,3764.35,3761.76,131553,494871344.15,8933,72510,55.12,3732.572500000001,41.23866183890144,3815.049823677804,3650.0951763221983,2
2017-07-18,HEROMOTOCO,EQ,3764.35,3755.0,3799.0,3755.0,3780.0,3783.95,3781.79,224796,850131063.55,19334,160601,71.44,3730.4975000000013,37.16196582458297,3804.821431649167,3656.1735683508355,2
2017-07-19,HEROMOTOCO,EQ,3783.95,3787.0,3795.0,3757.7,3785.0,3770.65,3772.67,464119,1750968158.05,45055,400082,86.2,3729.180000000001,35.08946985545584,3799.358939710913,3659.0010602890893,2
2017-07-20,HEROMOTOCO,EQ,3770.65,3772.05,3787.95,3716.5,3716.5,3729.9,3734.07,374090,1396879932.5,29554,302848,80.96,3727.2125000000005,33.80411013238191,3794.8207202647645,3659.6042797352366,2
2017-07-21,HEROMOTOCO,EQ,3729.9,3729.05,3741.0,3675.0,3678.0,3682.0,3705.64,427736,1585034226.55,32196,327936,76.67,3724.777500000001,35.262222498396355,3795.3019449967937,3654.2530550032084,2
2017-07-24,HEROMOTOCO,EQ,3682.0,3692.0,3725.3,3682.05,3688.25,3692.3,3702.54,236050,873984299.75,21284,172608,73.12,3726.3875000000007,32.8031042938909,3791.9937085877827,3660.7812914122187,2
2017-07-25,HEROMOTOCO,EQ,3692.3,3725.0,3750.0,3700.0,3700.0,3709.05,3723.7,433381,1613782206.2,36587,290027,66.92,3727.080000000001,32.25161521863083,3791.5832304372625,3662.576769562739,2
2017-07-26,HEROMOTOCO,EQ,3709.05,3715.0,3745.45,3687.0,3715.5,3717.45,3717.68,366612,1362946036.55,12903,238293,65.0,3728.530000000001,31.053075955787126,3790.6361519115753,3666.423848088427,2
2017-07-27,HEROMOTOCO,EQ,3717.45,3727.7,3759.0,3682.0,3711.8,3703.55,3730.08,452512,1687905667.8,32051,307961,68.06,3727.890000000001,31.446724371296686,3790.7834487425944,3664.996551257407,2
2017-07-28,HEROMOTOCO,EQ,3703.55,3691.55,3691.55,3610.0,3620.05,3630.3,3654.08,276500,1010351861.75,32529,177586,64.23,3724.3375000000005,37.94460253899355,3800.226705077988,3648.4482949220132,2
2017-07-31,HEROMOTOCO,EQ,3630.3,3629.9,3672.9,3605.0,3658.0,3655.75,3639.88,504658,1836894967.45,34281,401554,79.57,3718.3200000000006,38.836192425434305,3795.9923848508693,3640.647615149132,2
2017-08-01,HEROMOTOCO,EQ,3655.75,3675.0,3737.65,3668.05,3733.0,3727.85,3698.48,685598,2535667299.4,38264,490478,71.54,3719.5450000000005,38.72538573081098,3796.9957714616226,3642.0942285383785,2
2017-08-02,HEROMOTOCO,EQ,3727.85,3750.0,3838.8,3743.4,3798.0,3802.6,3805.23,828588,3152966310.8,49804,377671,45.58,3724.187500000001,42.83664772315866,3809.860795446318,3638.5142045536836,2
2017-08-03,HEROMOTOCO,EQ,3802.6,3812.0,3845.0,3772.0,3838.95,3838.35,3822.22,424548,1622714923.9,28086,270104,63.62,3729.8375000000005,49.872397373065496,3829.5822947461315,3630.0927052538696,2
2017-08-04,HEROMOTOCO,EQ,3838.35,3836.0,3964.0,3816.4,3944.25,3956.55,3914.33,789172,3089081400.1,44565,462041,58.55,3743.5825000000013,69.79514625523458,3883.1727925104706,3603.992207489532,2
2017-08-07,HEROMOTOCO,EQ,3956.55,3950.0,4018.9,3927.85,3940.05,3952.7,3971.01,644961,2561148529.4,36236,411225,63.76,3754.667500000001,83.87652308602277,3922.4205461720467,3586.914453827955,2
2017-08-08,HEROMOTOCO,EQ,3952.7,3957.0,4003.5,3896.05,3905.0,3913.4,3940.03,253242,997781917.0,23105,126006,49.76,3762.9225000000006,91.0357686716145,3944.9940373432296,3580.8509626567716,2
2017-08-09,HEROMOTOCO,EQ,3913.4,3915.0,3945.0,3859.55,3890.0,3883.75,3887.46,343296,1334550182.8,21506,189189,55.11,3771.1725000000006,94.24200018401743,3959.6565003680353,3582.688499631966,2
2017-08-10,HEROMOTOCO,EQ,3883.75,3875.0,3945.0,3861.05,3899.0,3889.55,3909.14,303409,1186067074.35,25690,144371,47.58,3778.102500000001,97.70883771238606,3973.520175424773,3582.684824575229,2
2017-08-11,HEROMOTOCO,EQ,3889.55,3878.3,3878.3,3796.7,3845.9,3840.9,3831.67,302935,1160746333.25,35531,171823,56.72,3782.2450000000003,98.56644552894595,3979.377891057892,3585.1121089421085,2
2017-08-14,HEROMOTOCO,EQ,3840.9,3850.0,3975.0,3849.5,3950.0,3957.05,3933.9,263329,1035909278.7,23933,136548,51.85,3791.88,105.87267228535535,4003.6253445707107,3580.1346554292895,2
2017-08-16,HEROMOTOCO,EQ,3957.05,3965.1,4044.0,3933.3,4010.35,4022.1,4011.2,475186,1906068220.15,43242,262033,55.14,3803.787500000001,117.66903281192924,4039.125565623859,3568.4494343761426,2
2017-08-17,HEROMOTOCO,EQ,4022.1,4025.0,4038.3,3975.6,3989.0,3997.85,4000.14,351635,1406588757.65,37331,245085,69.7,3815.1475000000014,125.03792948226021,4065.223358964522,3565.0716410354808,2
2017-08-18,HEROMOTOCO,EQ,3997.85,3983.0,4000.75,3968.5,3974.0,3986.7,3982.0,209351,833635417.65,25853,145509,69.5,3827.9875000000015,128.94735857277146,4085.8822171455445,3570.0927828544586,2
2017-08-21,HEROMOTOCO,EQ,3986.7,3988.0,4038.3,3950.05,3959.0,3972.05,3987.93,246195,981809145.15,26124,148027,60.13,3842.4900000000016,127.97125664115345,4098.432513282309,3586.5474867176945,2
2017-08-22,HEROMOTOCO,EQ,3972.05,3997.0,3998.1,3881.15,3893.95,3888.05,3918.17,290303,1137457307.5,21454,140810,48.5,3852.2775000000015,123.2795245676741,4098.83654913535,3605.7184508646533,2
2017-08-23,HEROMOTOCO,EQ,3888.05,3927.0,3950.0,3865.6,3897.0,3888.9,3886.72,407757,1584837562.6,26257,300270,73.64,3861.2700000000013,118.7586610691935,4098.787322138388,3623.7526778616143,2
2017-08-24,HEROMOTOCO,EQ,3888.9,3908.0,3925.0,3870.0,3888.0,3882.65,3893.77,222636,866893012.2,14022,145783,65.48,3869.530000000001,113.87369087583143,4097.277381751664,3641.782618248338,2
2017-08-28,HEROMOTOCO,EQ,3882.65,3885.0,3993.95,3838.45,3956.0,3959.2,3951.62,435266,1720007190.65,32321,292831,67.28,3882.312500000001,108.48250753365583,4099.277515067312,3665.3474849326894,2
2017-08-29,HEROMOTOCO,EQ,3959.2,3940.0,3980.0,3921.7,3950.0,3945.7,3948.91,397802,1570884043.75,18846,273038,68.64,3898.0825000000004,91.51774385762428,4081.117987715249,3715.047012284752,2
2017-08-30,HEROMOTOCO,EQ,3945.7,3950.0,4015.0,3949.85,3977.4,3988.1,3993.13,261951,1046003736.05,15350,141503,54.02,3914.7000000000007,73.62412898242879,4061.9482579648584,3767.451742035143,2
2017-08-31,HEROMOTOCO,EQ,3988.1,3989.0,4021.0,3968.0,3985.0,3995.1,3999.85,469468,1877802253.8,29406,308984,65.82,3928.062500000001,61.11673230061914,4050.295964601239,3805.8290353987627,2
2017-09-01,HEROMOTOCO,EQ,3995.1,4006.0,4091.95,3995.0,4036.05,4048.95,4046.97,388220,1571114355.85,25372,208683,53.75,3940.38,59.29781082317751,4058.975621646355,3821.784378353645,2
2017-09-04,HEROMOTOCO,EQ,4048.95,4084.0,4084.0,3961.45,3975.0,3978.9,3998.6,226397,905271234.7,18430,95454,42.16,3947.4075,54.7214628223822,4056.850425644764,3837.9645743552355,2
2017-09-05,HEROMOTOCO,EQ,3978.9,3994.0,4007.5,3960.0,3962.45,3970.45,3978.0,250627,996994461.4,17579,149408,59.61,3948.1024999999995,54.931556636181256,4057.965613272362,3838.239386727637,2
2017-09-06,HEROMOTOCO,EQ,3970.45,3953.0,3994.9,3940.0,3947.7,3950.65,3965.11,218970,868240833.9,18732,135263,61.77,3947.999999999999,54.9244385257485,4057.848877051496,3838.1511229485022,2
2017-09-07,HEROMOTOCO,EQ,3950.65,3953.0,4012.5,3953.0,3980.0,3982.9,3992.95,256960,1026029688.5,28512,144893,56.39,3951.4749999999995,54.818611178861985,4061.1122223577236,3841.8377776422753,2
2017-09-08,HEROMOTOCO,EQ,3982.9,3997.4,4002.0,3946.75,3947.95,3956.05,3973.23,145201,576917068.0,10665,76936,52.99,3955.0899999999992,52.45018338235255,4059.9903667647045,3850.189633235294,2
2017-09-11,HEROMOTOCO,EQ,3956.05,3999.0,3999.95,3936.6,3950.0,3944.5,3956.29,217005,858535627.25,20246,157953,72.79,3957.837499999999,50.22847503107847,4058.294450062156,3857.3805499378423,2
2017-09-12,HEROMOTOCO,EQ,3944.5,3958.4,3970.35,3909.95,3913.8,3918.9,3927.88,219890,863701556.5,17836,149003,67.76,3961.7374999999993,43.20857881133145,4048.154657622662,3875.3203423773366,2
2017-09-13,HEROMOTOCO,EQ,3918.9,3913.8,3970.0,3878.0,3899.9,3893.55,3930.41,262986,1033642624.6,19729,133005,50.57,3958.562499999999,45.82494975160525,4050.21239950321,3866.9126004967884,2
2017-09-14,HEROMOTOCO,EQ,3893.55,3905.0,3922.0,3884.45,3890.0,3891.25,3900.75,190185,741863585.75,14689,94795,49.84,3952.019999999999,45.61651766861252,4043.253035337224,3860.786964662774,2
2017-09-15,HEROMOTOCO,EQ,3891.25,3885.0,3910.0,3870.0,3888.0,3888.0,3887.9,389738,1515261646.8,26966,270902,69.51,3946.527499999999,46.41420346074089,4039.3559069214807,3853.699093078517,2
2017-09-18,HEROMOTOCO,EQ,3888.0,3895.0,3961.4,3895.0,3955.95,3949.9,3943.88,573380,2261344373.45,34953,301990,52.67,3944.6874999999986,45.457394381417046,4035.602288762833,3853.7727112371645,2
2017-09-19,HEROMOTOCO,EQ,3949.9,3970.0,3977.85,3936.8,3945.0,3944.25,3953.34,154125,609308954.7,13074,62636,40.64,3943.2974999999983,44.999393197666706,4033.2962863953317,3853.298713604665,2
2017-09-20,HEROMOTOCO,EQ,3944.25,3939.85,3958.3,3845.0,3850.0,3856.05,3875.62,515833,1999171918.3,53726,350698,67.99,3941.6974999999984,47.56303428360596,4036.8235685672103,3846.5714314327865,2
2017-09-21,HEROMOTOCO,EQ,3856.05,3856.1,3901.55,3811.7,3890.55,3896.4,3872.96,490206,1898548191.95,25976,279486,57.01,3942.0724999999984,47.15265096918061,4036.3778019383594,3847.7671980616374,2
2017-09-22,HEROMOTOCO,EQ,3896.4,3879.95,3879.95,3780.05,3785.0,3791.15,3815.4,719999,2747083251.15,31447,499096,69.32,3937.4974999999986,56.69495121632416,4050.887402432647,3824.1075975673502,2
2017-09-25,HEROMOTOCO,EQ,3791.15,3825.7,3825.7,3721.0,3745.0,3755.95,3748.32,275648,1033218231.05,28024,147686,53.58,3927.334999999998,69.39399355928147,4066.122987118561,3788.5470128814354,2
2017-09-26,HEROMOTOCO,EQ,3755.95,3801.0,3805.35,3742.15,3775.25,3787.75,3778.47,548321,2071811984.1,52440,330736,60.32,3919.4374999999986,75.87881244215619,4071.195124884311,3767.679875115686,2
2017-09-27,HEROMOTOCO,EQ,3787.75,3820.0,3824.9,3708.6,3725.25,3727.4,3772.38,266924,1006937797.3,33071,140144,52.5,3906.402499999998,85.27353120986811,4076.9495624197343,3735.8554375802614,2
2017-09-28,HEROMOTOCO,EQ,3727.4,3749.0,3779.0,3674.5,3711.8,3740.05,3726.5,789127,2940683469.3,60009,492846,62.45,3893.649999999998,90.2374965824854,4074.1249931649686,3713.175006835027,2
2017-09-29,HEROMOTOCO,EQ,3740.05,3734.0,3819.35,3718.25,3782.1,3774.55,3784.05,547536,2071903833.35,44730,339361,61.98,3879.929999999998,86.1501938171775,4052.230387634353,3707.629612365643,2
2017-10-03,HEROMOTOCO,EQ,3774.55,3840.0,3845.0,3793.8,3806.25,3806.25,3811.64,294342,1121925305.45,26483,176376,59.92,3871.2974999999983,84.34220469860547,4039.981909397209,3702.6130906027875,2
2017-10-04,HEROMOTOCO,EQ,3806.25,3870.0,3870.0,3774.6,3792.0,3794.9,3821.46,388211,1483533201.8,39312,211329,54.44,3862.519999999998,82.59699624970702,4027.713992499412,3697.326007500584,2
2017-10-05,HEROMOTOCO,EQ,3794.9,3796.0,3797.0,3750.0,3750.65,3755.45,3764.92,260215,979688387.85,20096,172996,66.48,3852.7599999999984,83.16595583847244,4019.0919116769433,3686.4280883230535,2
2017-10-06,HEROMOTOCO,EQ,3755.45,3755.5,3777.0,3688.1,3714.0,3703.95,3720.54,373696,1390352114.35,20484,212329,56.82,3838.8124999999986,83.58175618581907,4005.976012371637,3671.6489876283604,2
2017-10-09,HEROMOTOCO,EQ,3703.95,3703.05,3715.0,3670.0,3675.95,3676.4,3691.14,423770,1564194886.35,33240,314093,74.12,3824.829999999998,86.28449638138882,3997.398992762776,3652.2610072372204,2
2017-10-10,HEROMOTOCO,EQ,3676.4,3690.0,3720.8,3661.2,3692.0,3695.25,3701.5,367529,1360407881.6,36099,215326,58.59,3812.367499999998,86.09024071317877,3984.5479814263554,3640.1870185736407,2
2017-10-11,HEROMOTOCO,EQ,3695.25,3701.1,3744.8,3677.6,3681.0,3689.55,3707.22,298989,1108417574.9,32331,151030,50.51,3800.8999999999987,86.42732115544067,3973.75464231088,3628.0453576891173,2
2017-10-12,HEROMOTOCO,EQ,3689.55,3697.0,3760.65,3694.95,3750.0,3751.0,3730.97,343176,1280380040.05,36086,209389,61.02,3793.772499999998,84.23460889400947,3962.241717788017,3625.3032822119794,2
2017-10-13,HEROMOTOCO,EQ,3751.0,3757.0,3790.0,3743.2,3765.0,3763.85,3769.09,213882,806140475.2,29166,103632,48.45,3787.402499999999,81.23904699452947,3949.8805939890576,3624.92440601094,2
2017-10-16,HEROMOTOCO,EQ,3763.85,3797.7,3805.65,3766.8,3774.0,3776.65,3787.84,261710,991316678.05,35366,128779,49.21,3781.834999999998,77.72139531347915,3937.2777906269566,3626.39220937304,2
2017-10-17,HEROMOTOCO,EQ,3776.65,3785.0,3828.5,3758.8,3800.0,3789.05,3803.83,447594,1702570697.6,28069,177371,39.63,3773.7924999999987,66.99735516186158,3907.787210323722,3639.7977896762754,2
2017-10-18,HEROMOTOCO,EQ,3789.05,3813.9,3813.9,3725.0,3748.0,3753.0,3765.85,236096,889103263.8,26811,69475,29.43,3764.2299999999987,53.72052778280904,3871.671055565617,3656.7889444343805,2
2017-10-19,HEROMOTOCO,EQ,3753.0,3750.0,3759.4,3720.0,3729.9,3735.6,3738.56,24217,90536760.9,2498,6959,28.74,3758.207499999999,49.468417024351275,3857.1443340487017,3659.2706659512965,2
2017-10-23,HEROMOTOCO,EQ,3735.6,3792.95,3814.0,3770.0,3792.75,3791.25,3792.11,510178,1934650159.55,51180,297537,58.32,3752.9499999999994,38.345503407561715,3829.6410068151226,3676.258993184876,2
2017-10-24,HEROMOTOCO,EQ,3791.25,3792.0,3807.2,3742.2,3756.0,3755.4,3774.77,138844,524103529.0,19209,81623,58.79,3751.1624999999995,37.289785799872554,3825.7420715997446,3676.5829284002543,2
2017-10-25,HEROMOTOCO,EQ,3755.4,3784.9,3784.9,3717.0,3769.15,3769.65,3751.32,464158,1741205098.25,35511,260773,56.18,3751.847499999999,37.50755529153755,3826.862610583074,3676.832389416924,2
2017-10-26,HEROMOTOCO,EQ,3769.65,3765.7,3787.9,3730.25,3745.4,3750.85,3767.1,357840,1348018038.8,33832,183528,51.29,3750.0024999999996,36.5437318226627,3823.089963645325,3676.915036354674,2
2017-10-27,HEROMOTOCO,EQ,3750.85,3764.0,3815.0,3750.6,3789.9,3786.65,3790.92,328558,1245536041.95,34321,188615,57.41,3752.9649999999992,37.01356828032774,3826.9921365606547,3678.937863439344,2
2017-10-30,HEROMOTOCO,EQ,3786.65,3813.95,3841.5,3801.65,3833.0,3833.0,3829.85,244919,938004190.55,20682,170174,69.48,3757.6124999999993,40.934414407624274,3839.4813288152477,3675.743671184751,2
2017-10-31,HEROMOTOCO,EQ,3833.0,3857.0,3870.05,3821.7,3853.75,3849.9,3851.31,307237,1183266037.0,32236,162910,53.02,3761.3799999999987,45.758589645182184,3852.897179290363,3669.8628207096344,2
2017-11-01,HEROMOTOCO,EQ,3849.9,3875.0,3882.9,3803.8,3824.8,3819.35,3854.1,338059,1302912616.45,21350,155254,45.93,3762.034999999999,46.52206352621546,3855.07912705243,3668.990872947568,2
2017-11-02,HEROMOTOCO,EQ,3819.35,3763.3,3804.7,3713.0,3721.05,3735.85,3764.64,518139,1950608537.2,37224,261133,50.4,3759.0824999999995,46.199194783941806,3851.480889567883,3666.684110432116,2
2017-11-03,HEROMOTOCO,EQ,3735.85,3739.9,3742.95,3675.3,3686.0,3689.05,3701.96,364403,1349006180.45,34392,167422,45.94,3755.7625,48.787322757479615,3853.337145514959,3658.1878544850406,2
2017-11-06,HEROMOTOCO,EQ,3689.05,3675.5,3715.0,3661.85,3683.25,3688.85,3695.98,290004,1071848749.3,38481,186649,64.36,3755.0075000000006,49.738897928137156,3854.485295856275,3655.529704143726,2
2017-11-07,HEROMOTOCO,EQ,3688.85,3695.25,3729.1,3675.0,3678.05,3681.5,3696.46,303030,1120137512.85,29910,164011,54.12,3755.2625000000007,49.32604435099346,3853.9145887019877,3656.610411298014,2
2017-11-08,HEROMOTOCO,EQ,3681.5,3698.0,3718.65,3610.5,3625.5,3622.55,3652.58,367993,1344124398.65,27502,188855,51.32,3751.627500000001,56.18342018734485,3863.9943403746906,3639.2606596253113,2
2017-11-09,HEROMOTOCO,EQ,3622.55,3628.0,3659.9,3590.0,3601.0,3597.75,3615.33,241249,872194707.2,16213,93833,38.89,3747.037500000001,64.63592954509338,3876.3093590901876,3617.765640909814,2
2017-11-10,HEROMOTOCO,EQ,3597.75,3605.0,3635.0,3560.75,3631.95,3605.1,3592.21,307029,1102911730.05,25062,176998,57.65,3739.742500000001,71.98116580233699,3883.7048316046753,3595.780168395327,2
2017-11-13,HEROMOTOCO,EQ,3605.1,3639.0,3639.0,3569.0,3581.0,3579.9,3587.42,230714,827669116.7,24905,133549,57.89,3730.5450000000005,80.03980900974305,3890.6246180194867,3570.4653819805144,2
2017-11-14,HEROMOTOCO,EQ,3579.9,3579.9,3662.4,3579.9,3655.0,3655.2,3638.82,430968,1568214879.2,54148,244232,56.67,3724.4725000000008,80.95962033631544,3886.391740672632,3562.5532593273697,2
2017-11-15,HEROMOTOCO,EQ,3655.2,3650.5,3709.4,3640.0,3672.45,3671.8,3679.12,413595,1521667313.0,33362,254781,61.6,3718.6100000000006,80.27961103149885,3879.1692220629984,3558.0507779370027,2
2017-11-16,HEROMOTOCO,EQ,3671.8,3672.0,3688.95,3625.25,3662.0,3657.0,3665.26,252451,925297477.5,29646,128716,50.99,3713.8100000000004,80.98207176510577,3875.774143530212,3551.845856469789,2
2017-11-17,HEROMOTOCO,EQ,3657.0,3693.6,3697.0,3622.5,3628.0,3631.15,3652.18,338039,1234580740.05,30728,221161,65.42,3708.5875,82.84932562537396,3874.286151250748,3542.8888487492522,2
2017-11-20,HEROMOTOCO,EQ,3631.15,3632.4,3689.0,3618.0,3661.45,3658.6,3653.99,350045,1279060678.6,45497,248281,70.93,3701.9550000000004,81.17624247343272,3864.3074849468658,3539.602515053135,2
2017-11-21,HEROMOTOCO,EQ,3658.6,3665.1,3690.5,3664.9,3679.0,3678.75,3680.65,202939,746947330.4,20030,130539,64.32,3698.1225000000004,80.32513121027338,3858.772762420547,3537.4722375794536,2
2017-11-22,HEROMOTOCO,EQ,3678.75,3685.1,3710.0,3645.2,3661.8,3661.3,3676.33,293485,1078947106.25,51637,212294,72.34,3692.705000000001,78.88804008480182,3850.4810801696044,3534.9289198303973,2
2017-11-23,HEROMOTOCO,EQ,3661.3,3685.0,3698.35,3645.5,3680.0,3677.35,3680.22,219012,806012735.5,15146,127253,58.1,3689.030000000001,77.74044432733044,3844.510888654662,3533.5491113453404,2
2017-11-24,HEROMOTOCO,EQ,3677.35,3689.4,3690.15,3650.0,3656.5,3653.25,3676.01,388730,1428976277.35,23031,315236,81.09,3682.3600000000015,74.58260097650962,3831.5252019530208,3533.194798046982,2
2017-11-27,HEROMOTOCO,EQ,3653.25,3651.15,3670.0,3631.05,3662.9,3663.0,3646.75,172252,628159625.8,20362,79678,46.26,3673.8600000000015,65.66506841941528,3805.190136838832,3542.529863161171,2
2017-11-28,HEROMOTOCO,EQ,3663.0,3680.0,3680.0,3655.1,3675.0,3673.6,3668.27,155386,569998518.05,22595,85673,55.14,3665.045000000002,50.9809172245143,3767.0068344490305,3563.0831655509733,2
2017-11-29,HEROMOTOCO,EQ,3673.6,3683.0,3695.0,3649.0,3650.0,3656.3,3668.14,172201,631657134.65,18545,97563,56.66,3656.8925000000017,35.776500207613765,3728.445500415229,3585.3394995847743,2
2017-11-30,HEROMOTOCO,EQ,3656.3,3649.0,3678.0,3621.0,3645.0,3633.65,3643.51,456685,1663935767.5,37575,288256,63.12,3651.782500000001,30.867191213668185,3713.5168824273374,3590.048117572665,2
2017-12-01,HEROMOTOCO,EQ,3633.65,3642.0,3680.0,3547.5,3550.0,3604.05,3637.19,222230,808292895.0,20886,129837,58.42,3647.532500000001,31.31433283321808,3710.1611656664372,3584.903834333565,2
2017-12-04,HEROMOTOCO,EQ,3604.05,3635.0,3635.0,3593.8,3604.35,3601.4,3610.18,131129,473399348.6,18423,66720,50.88,3643.1600000000008,31.34683564992207,3705.853671299845,3580.4663287001567,2
2017-12-05,HEROMOTOCO,EQ,3601.4,3597.0,3597.0,3513.05,3522.15,3520.55,3533.13,242868,858084783.85,25576,113769,46.84,3635.1125000000006,40.35230990257815,3715.817119805157,3554.4078801948444,2
2017-12-06,HEROMOTOCO,EQ,3520.55,3516.0,3518.1,3473.35,3511.9,3505.6,3497.37,291780,1020461875.55,33165,148376,50.85,3629.265000000001,49.66714232081189,3728.5992846416248,3529.930715358377,1
2017-12-07,HEROMOTOCO,EQ,3505.6,3520.0,3568.0,3517.95,3551.15,3551.1,3547.71,301458,1069484071.95,48418,163774,54.33,3626.9325000000013,52.25314716031829,3731.438794320638,3522.4262056793646,2
2017-12-08,HEROMOTOCO,EQ,3551.1,3530.0,3567.0,3506.05,3522.0,3519.55,3530.45,177525,626742390.0,21889,77524,43.67,3622.655000000001,57.38413475040468,3737.4232695008104,3507.886730499192,1
2017-12-11,HEROMOTOCO,EQ,3519.55,3544.0,3544.0,3500.3,3517.0,3514.85,3515.1,226419,795886143.65,24447,158087,69.82,3619.4025000000015,61.62201946459316,3742.646538929188,3496.158461070815,1
2017-12-12,HEROMOTOCO,EQ,3514.85,3517.0,3524.0,3432.75,3437.0,3441.7,3470.3,427882,1484877988.2,31924,283487,66.25,3608.727500000002,72.60774113252894,3753.9429822650595,3463.512017734944,1
2017-12-13,HEROMOTOCO,EQ,3441.7,3435.0,3490.3,3410.0,3427.0,3419.45,3451.25,348709,1203481111.9,46943,191482,54.91,3596.1100000000015,82.34382442571204,3760.7976488514255,3431.4223511485775,1
2017-12-14,HEROMOTOCO,EQ,3419.45,3452.0,3471.4,3416.2,3454.05,3460.55,3438.46,314655,1081929512.45,26753,213308,67.79,3586.2875000000013,86.31914295675831,3758.9257859135178,3413.649214086485,1
2017-12-15,HEROMOTOCO,EQ,3460.55,3470.0,3511.95,3465.1,3498.0,3503.0,3494.93,372029,1300214225.05,29493,247265,66.46,3579.880000000002,87.56108754824454,3755.002175096491,3404.7578249035128,1
2017-12-18,HEROMOTOCO,EQ,3503.0,3487.0,3553.65,3430.65,3540.0,3535.35,3523.85,412556,1453786979.0,31310,248953,60.34,3573.7175000000016,86.05337736880924,3745.82425473762,3401.6107452623833,2
2017-12-19,HEROMOTOCO,EQ,3535.35,3560.0,3710.65,3540.0,3704.7,3701.0,3642.35,876214,3191476802.25,54833,541355,61.78,3574.8300000000017,87.61240809743404,3750.05481619487,3399.6051838051335,2
2017-12-20,HEROMOTOCO,EQ,3701.0,3733.4,3793.9,3696.05,3747.3,3749.2,3764.07,664592,2501569163.85,44663,342726,51.57,3579.2250000000013,94.13994691555185,3767.504893831105,3390.9451061688974,2
2017-12-21,HEROMOTOCO,EQ,3749.2,3784.5,3822.25,3771.35,3794.0,3805.95,3797.91,612505,2326240819.65,48075,394715,64.44,3585.655000000001,104.96442367222284,3795.583847344447,3375.7261526555553,3
2017-12-22,HEROMOTOCO,EQ,3805.95,3814.0,3829.0,3774.0,3790.85,3792.8,3800.32,438144,1665085888.9,34403,228358,52.12,3592.632500000001,113.94812563410659,3820.5287512682144,3364.736248731788,3
2017-12-26,HEROMOTOCO,EQ,3792.8,3792.8,3848.8,3747.2,3808.0,3813.8,3789.77,320480,1214546947.5,19644,130523,40.73,3600.1725000000015,123.44309947992387,3847.058698959849,3353.286301040154,1
2017-12-27,HEROMOTOCO,EQ,3813.8,3813.0,3834.4,3757.05,3778.35,3786.65,3793.96,189623,719422360.25,13920,83568,44.07,3605.8250000000007,129.42565890970158,3864.6763178194037,3346.9736821805977,1
2017-12-28,HEROMOTOCO,EQ,3786.65,3762.1,3783.5,3702.3,3725.05,3716.65,3736.55,605738,2263370500.7,28403,422679,69.78,3608.8425,131.3535549125253,3871.549609825051,3346.1353901749494,1
2017-12-29,HEROMOTOCO,EQ,3716.65,3730.0,3809.85,3720.05,3807.0,3785.15,3763.97,274559,1033432806.1,19756,143705,52.34,3616.4175000000005,137.10209053936083,3890.6216810787223,3342.2133189212786,1
2018-01-01,HEROMOTOCO,EQ,3785.15,3810.0,3810.0,3740.0,3756.0,3749.1,3757.3,201102,755599895.35,8712,105027,52.23,3623.6700000000005,140.21457184577756,3904.0991436915556,3343.2408563084455,1
2018-01-02,HEROMOTOCO,EQ,3749.1,3781.0,3784.35,3719.25,3740.05,3743.85,3750.07,258156,968103397.95,18744,98531,38.17,3630.792500000001,142.6211537375191,3916.034807475039,3345.5501925249628,1
2018-01-03,HEROMOTOCO,EQ,3743.85,3728.0,3764.4,3728.0,3755.2,3755.2,3751.69,274963,1031575872.35,24358,165309,60.12,3642.5250000000005,142.72643367092564,3927.977867341852,3357.0721326581493,1
2018-01-04,HEROMOTOCO,EQ,3755.2,3755.0,3759.95,3721.55,3747.8,3738.9,3730.95,196775,734158040.25,35468,134969,68.59,3654.19,140.4624135901811,3935.114827180362,3373.265172819638,1
2018-01-05,HEROMOTOCO,EQ,3738.9,3758.7,3758.7,3726.2,3752.0,3744.65,3740.2,234199,875951800.55,22721,154494,65.97,3663.8674999999994,139.6511605799106,3943.1698211598205,3384.5651788401783,1
2018-01-08,HEROMOTOCO,EQ,3744.65,3773.0,3792.0,3745.3,3784.75,3786.75,3779.14,249549,943080485.1,29001,150130,60.16,3677.2274999999995,137.8880671862822,3953.0036343725637,3401.4513656274353,1
2018-01-09,HEROMOTOCO,EQ,3786.75,3800.0,3804.8,3742.65,3743.6,3749.45,3767.2,290158,1093084556.55,19859,198904,68.55,3688.957499999999,133.24829244980882,3955.4540848996166,3422.4609151003815,1
2018-01-10,HEROMOTOCO,EQ,3749.45,3740.0,3752.55,3725.0,3745.0,3736.9,3740.24,250123,935519494.45,17660,179421,71.73,3703.717499999999,120.12101384481247,3943.959527689624,3463.475472310374,1
2018-01-11,HEROMOTOCO,EQ,3736.9,3740.7,3743.2,3700.2,3715.4,3705.65,3713.24,366135,1359546221.55,26481,291103,79.51,3718.027499999999,99.80304350780824,3917.6335870156154,3518.421412984382,2
2018-01-12,HEROMOTOCO,EQ,3705.65,3726.9,3726.9,3650.6,3679.1,3687.35,3696.06,363795,1344608082.2,22464,257506,70.78,3729.367499999999,79.91009302400876,3889.1876860480165,3569.5473139519813,2
2018-01-15,HEROMOTOCO,EQ,3687.35,3687.7,3700.0,3613.65,3620.05,3628.8,3648.81,229198,836300628.85,31005,125521,54.77,3735.657499999999,64.64768135012936,3864.952862700258,3606.36213729974,2
2018-01-16,HEROMOTOCO,EQ,3628.8,3637.7,3664.0,3578.15,3587.7,3586.1,3619.1,271813,983718991.4,32577,142570,52.45,3738.194999999999,56.90375276682438,3852.0025055336478,3624.38749446635,2
2018-01-17,HEROMOTOCO,EQ,3586.1,3586.0,3590.15,3526.3,3580.3,3566.85,3548.03,501484,1779280467.65,70955,326766,65.16,3731.4874999999993,68.2867538881402,3868.0610077762794,3594.913992223719,2
2018-01-18,HEROMOTOCO,EQ,3566.85,3586.0,3643.0,3576.05,3591.1,3593.35,3611.41,345926,1249281635.8,31440,195606,56.55,3723.6949999999997,74.74599425986113,3873.186988519722,3574.2030114802774,2
2018-01-19,HEROMOTOCO,EQ,3593.35,3558.0,3620.0,3552.3,3593.25,3589.75,3572.4,295410,1055322380.35,27966,189957,64.3,3712.8849999999998,77.79546918886857,3868.475938377737,3557.2940616222627,2
2018-01-22,HEROMOTOCO,EQ,3589.75,3592.75,3621.9,3589.1,3609.1,3602.95,3608.67,320126,1155229192.1,41272,208905,65.26,3703.3924999999995,79.10276839090794,3861.598036781815,3545.186963218184,2
2018-01-23,HEROMOTOCO,EQ,3602.95,3634.0,3635.0,3608.25,3628.0,3630.0,3624.7,285236,1033893705.3,39821,183679,64.4,3694.2024999999994,76.22516243444959,3846.6528248688987,3541.7521751311,2
2018-01-24,HEROMOTOCO,EQ,3630.0,3629.7,3650.0,3600.0,3645.5,3645.5,3628.56,312383,1133501299.4,28674,225436,72.17,3687.1449999999995,73.70797982222803,3834.5609596444556,3539.7290403555435,2
2018-01-25,HEROMOTOCO,EQ,3645.5,3659.9,3659.9,3561.0,3586.5,3571.2,3587.46,487836,1750090436.35,31439,304225,62.36,3679.8725,77.71045190659089,3835.2934038131816,3524.4515961868183,2
2018-01-29,HEROMOTOCO,EQ,3571.2,3584.7,3658.25,3574.55,3650.0,3641.75,3605.97,403110,1453602494.65,45295,291004,72.19,3672.7025000000003,74.01321623623585,3820.728932472472,3524.6760675275286,2
2018-01-30,HEROMOTOCO,EQ,3641.75,3657.4,3696.0,3649.9,3682.6,3687.85,3677.32,540432,1987339259.85,45332,392669,72.66,3669.6400000000003,71.92337223520893,3813.486744470418,3525.7932555295824,2
2018-01-31,HEROMOTOCO,EQ,3687.85,3703.0,3747.9,3682.0,3692.15,3691.45,3709.83,558327,2071295477.4,38162,347227,62.19,3667.0199999999995,70.00666208899199,3807.0333241779836,3527.0066758220155,2
2018-02-01,HEROMOTOCO,EQ,3691.45,3695.15,3744.0,3692.5,3729.65,3732.95,3725.56,346581,1291207555.75,35130,176084,50.81,3665.9075,68.69613540612777,3803.2997708122552,3528.5152291877444,2
2018-02-02,HEROMOTOCO,EQ,3732.95,3729.7,3752.45,3612.7,3620.0,3623.45,3664.6,469510,1720568318.55,38623,278266,59.27,3660.1349999999998,67.07117998224497,3794.2773599644897,3525.99264003551,2
2018-02-05,HEROMOTOCO,EQ,3623.45,3598.0,3662.6,3550.05,3655.65,3636.4,3615.29,319150,1153819339.3,37416,181651,56.92,3654.7225,64.19828755504423,3783.1190751100885,3526.325924889911,2
2018-02-06,HEROMOTOCO,EQ,3636.4,3527.3,3564.8,3450.0,3539.5,3541.85,3528.2,442426,1560965836.4,52602,240831,54.43,3642.4775,60.96466723698145,3764.406834473963,3520.548165526037,1
2018-02-07,HEROMOTOCO,EQ,3541.85,3618.9,3620.0,3542.5,3562.0,3566.4,3573.09,336709,1203090815.15,47613,178023,52.87,3633.325,57.71364314668772,3748.752286293375,3517.8977137066245,2
2018-02-08,HEROMOTOCO,EQ,3566.4,3570.0,3615.95,3555.0,3574.45,3582.2,3587.22,325607,1168024966.2,36399,168262,51.68,3625.59,53.299455907166774,3732.1889118143336,3518.9910881856667,2
2018-02-09,HEROMOTOCO,EQ,3582.2,3536.8,3576.35,3530.1,3545.5,3546.1,3551.58,604849,2148171598.35,46400,516338,85.37,3617.6125000000006,52.62181575564491,3722.8561315112906,3512.3688684887106,2
2018-02-12,HEROMOTOCO,EQ,3546.1,3566.0,3616.7,3545.5,3615.25,3611.9,3599.8,385092,1386255502.05,30228,289190,75.1,3613.84,49.99828049674855,3713.836560993497,3513.843439006503,2
2018-02-14,HEROMOTOCO,EQ,3611.9,3620.4,3624.0,3562.65,3599.5,3596.05,3595.37,315246,1133425138.7,37781,216741,68.75,3612.2025000000003,50.01883191411602,3712.240163828232,3512.1648361717685,2
2018-02-15,HEROMOTOCO,EQ,3596.05,3565.0,3575.0,3520.0,3525.1,3527.25,3546.76,221710,786351806.05,17375,122987,55.47,3609.2599999999998,53.26112831581429,3715.782256631628,3502.7377433683714,2
2018-02-16,HEROMOTOCO,EQ,3527.25,3549.0,3549.8,3485.0,3494.25,3494.2,3513.65,219454,771085597.2,19799,134064,61.09,3605.6274999999996,58.52327579015431,3722.674051580308,3488.580948419691,1
2018-02-19,HEROMOTOCO,EQ,3494.2,3502.0,3519.35,3442.0,3479.8,3465.7,3473.05,246616,856510138.45,19574,147262,59.71,3599.244999999999,66.36769367062415,3731.9803873412475,3466.5096126587505,1
2018-02-20,HEROMOTOCO,EQ,3465.7,3466.0,3518.0,3443.25,3499.0,3477.45,3492.33,340087,1187695316.0,22913,238998,70.28,3593.6299999999987,71.74591387594573,3737.12182775189,3450.1381722481074,1
2018-02-21,HEROMOTOCO,EQ,3477.45,3517.8,3517.8,3460.0,3505.0,3490.75,3483.07,266352,927723186.5,29195,179200,67.28,3588.019999999999,75.2784434790693,3738.5768869581375,3437.4631130418607,1
2018-02-22,HEROMOTOCO,EQ,3490.75,3484.0,3499.3,3458.7,3471.05,3481.2,3478.07,434663,1511787762.25,34587,301132,69.28,3580.579999999999,78.20726746415798,3736.994534928315,3424.1654650716832,1
2018-02-23,HEROMOTOCO,EQ,3481.2,3483.4,3508.0,3455.0,3494.75,3494.7,3484.18,142023,494833191.6,13393,67689,47.66,3573.0399999999986,78.88529080419833,3730.8105816083953,3415.269418391602,1
2018-02-26,HEROMOTOCO,EQ,3494.7,3519.0,3549.95,3500.4,3541.9,3537.85,3536.93,361326,1277984441.2,23243,268792,74.39,3571.372499999999,79.27773709361274,3729.9279741872247,3412.8170258127734,2
2018-02-27,HEROMOTOCO,EQ,3537.85,3573.1,3593.95,3545.0,3584.85,3585.5,3577.8,320893,1148091249.85,55741,198730,61.93,3568.559999999999,77.63023793667656,3723.8204758733523,3413.299524126646,2
2018-02-28,HEROMOTOCO,EQ,3585.5,3525.0,3613.0,3525.0,3588.25,3596.7,3591.21,362559,1302026649.3,43079,211823,58.42,3564.0024999999987,72.78264772052644,3709.5677954410517,3418.4372045589457,2
2018-03-01,HEROMOTOCO,EQ,3596.7,3575.0,3596.95,3565.15,3580.0,3576.9,3576.35,200696,717758272.8,17603,128814,64.18,3558.2749999999987,66.45788436849716,3691.190768736993,3425.3592312630044,2
2018-03-05,HEROMOTOCO,EQ,3576.9,3578.0,3581.9,3535.0,3570.0,3556.45,3553.72,242671,862384690.75,19830,154239,63.56,3549.4499999999985,52.23969049637965,3653.9293809927576,3444.9706190072393,2
2018-03-06,HEROMOTOCO,EQ,3556.45,3571.1,3595.0,3544.7,3552.5,3561.9,3579.92,380991,1363915667.1,24040,291192,76.43,3546.3724999999986,49.38586116384293,3645.1442223276845,3447.6007776723127,2
2018-03-07,HEROMOTOCO,EQ,3561.9,3550.0,3560.0,3515.0,3542.05,3554.4,3541.06,234750,831264778.2,22085,155735,66.34,3542.272499999998,44.699930751737625,3631.6723615034734,3452.872638496523,2
2018-03-08,HEROMOTOCO,EQ,3554.4,3561.0,3601.0,3545.65,3600.0,3586.7,3570.5,145720,520293412.9,14399,80536,55.27,3544.514999999998,45.789357818966046,3636.09371563793,3452.936284362066,2
2018-03-09,HEROMOTOCO,EQ,3586.7,3605.9,3661.45,3581.0,3589.3,3586.35,3626.03,272293,987341497.25,23366,106528,39.12,3545.5124999999985,46.502945223644815,3638.518390447288,3452.506609552709,2
2018-03-12,HEROMOTOCO,EQ,3586.35,3600.4,3718.0,3599.85,3707.3,3694.5,3656.46,192336,703268328.15,14773,95095,49.44,3551.1274999999987,56.8046941977016,3664.736888395402,3437.5181116045956,2
2018-03-13,HEROMOTOCO,EQ,3694.5,3694.95,3729.75,3672.0,3690.0,3701.2,3705.49,233650,865786929.15,28173,139569,59.73,3558.8824999999983,65.93552328042028,3690.753546560839,3427.011453439158,2
2018-03-14,HEROMOTOCO,EQ,3701.2,3680.0,3687.2,3622.0,3642.0,3639.35,3645.49,192489,701715901.1,17102,108171,56.2,3560.2549999999987,67.36735876012565,3694.98971752025,3425.5202824797475,2
2018-03-15,HEROMOTOCO,EQ,3639.35,3641.9,3690.0,3632.0,3643.6,3640.8,3659.65,198082,724909905.5,12521,80831,40.81,3562.492499999999,69.33327080694501,3701.159041613889,3423.825958386109,2
2018-03-16,HEROMOTOCO,EQ,3640.8,3665.0,3665.0,3530.65,3542.0,3546.1,3567.94,462796,1651227537.25,43277,343269,74.17,3563.434999999999,68.95607316484525,3701.3471463296896,3425.5228536703085,2
2018-03-19,HEROMOTOCO,EQ,3546.1,3546.0,3549.0,3490.8,3517.85,3515.3,3512.49,252482,886839344.15,16669,149387,59.17,3564.4899999999993,67.99577889375284,3700.481557787505,3428.4984422124935,2
2018-03-20,HEROMOTOCO,EQ,3515.3,3498.1,3537.0,3498.1,3510.6,3513.8,3515.1,212901,748368753.35,20764,145563,68.37,3566.8949999999995,65.10696643944547,3697.1089328788903,3436.6810671211088,2
2018-03-21,HEROMOTOCO,EQ,3513.8,3529.95,3529.95,3455.55,3455.55,3463.6,3482.27,667122,2323097602.05,51084,448034,67.16,3566.2025000000003,66.17332996520514,3698.5491599304105,3433.85584006959,1
2018-03-22,HEROMOTOCO,EQ,3463.6,3473.2,3484.85,3440.0,3455.0,3452.3,3455.26,482411,1666857634.85,39040,327912,67.97,3564.28,68.97980711391835,3702.2396142278367,3426.3203857721637,1
2018-03-23,HEROMOTOCO,EQ,3452.3,3435.1,3435.1,3361.05,3414.5,3413.75,3396.59,423299,1437772074.6,39418,257572,60.85,3560.9075000000003,74.66965189736298,3710.246803794726,3411.5681962052745,1
2018-03-26,HEROMOTOCO,EQ,3413.75,3414.0,3501.7,3365.5,3468.2,3481.7,3429.65,359650,1233472000.25,36687,204220,56.78,3560.2575000000006,75.32998507444074,3710.917470148882,3409.5975298511194,1
2018-03-27,HEROMOTOCO,EQ,3481.7,3485.1,3488.0,3436.0,3471.0,3464.7,3460.51,325438,1126182872.55,20197,224319,68.93,3556.6,78.1964866622245,3712.992973324449,3400.207026675551,1
2018-03-28,HEROMOTOCO,EQ,3464.7,3455.0,3579.0,3428.05,3534.0,3542.8,3516.82,786796,2767016722.45,55307,343604,43.67,3554.465,77.94842610071483,3710.36185220143,3398.5681477985704,2
2018-04-02,HEROMOTOCO,EQ,3542.8,3544.0,3654.65,3512.2,3640.0,3646.0,3592.76,244943,880020770.55,24452,73473,30.0,3556.9300000000003,80.10405141209304,3717.1381028241863,3396.7218971758143,2
2018-04-03,HEROMOTOCO,EQ,3646.0,3644.95,3669.0,3621.0,3640.4,3644.95,3642.8,318581,1160527924.05,26697,195779,61.45,3560.3325000000004,82.4090252386785,3725.1505504773572,3395.5144495226436,2
2018-04-04,HEROMOTOCO,EQ,3644.95,3653.5,3695.0,3627.0,3646.3,3667.15,3671.91,526063,1931657762.65,31871,343728,65.34,3565.8675000000003,85.7830437713882,3737.433587542777,3394.3014124572237,2
2018-04-05,HEROMOTOCO,EQ,3667.15,3700.0,3796.0,3699.95,3790.0,3782.15,3753.95,440824,1654832345.5,36121,244863,55.55,3576.88,98.44922736324939,3773.7784547264987,3379.9815452735015,3
2018-04-06,HEROMOTOCO,EQ,3782.15,3781.0,3787.95,3750.0,3761.5,3779.45,3773.58,213101,804153767.8,16317,122314,57.4,3588.1325000000006,108.12995017570188,3804.3924003514044,3371.872599648597,3
2018-04-09,HEROMOTOCO,EQ,3779.45,3784.0,3807.1,3775.2,3800.0,3798.7,3797.54,265991,1010111521.55,23877,194148,72.99,3598.7325000000005,117.929295582475,3834.5910911649507,3362.8739088350503,3
2018-04-10,HEROMOTOCO,EQ,3798.7,3815.0,3815.0,3714.0,3722.0,3718.3,3751.25,321682,1206710363.65,36718,208199,64.72,3605.3300000000004,120.85475776188558,3847.0395155237716,3363.620484476229,1
2018-04-11,HEROMOTOCO,EQ,3718.3,3732.0,3755.0,3681.0,3747.35,3739.35,3715.19,291118,1081559744.15,11795,183774,63.13,3607.5725000000007,122.99359683268858,3853.559693665378,3361.5853063346235,1
2018-04-12,HEROMOTOCO,EQ,3739.35,3744.0,3786.5,3726.05,3737.35,3749.45,3753.86,115113,432117940.05,14309,45018,39.11,3609.9850000000006,125.37686043117684,3860.738720862354,3359.231279137647,1
2018-04-13,HEROMOTOCO,EQ,3749.45,3759.8,3770.0,3698.0,3735.65,3725.9,3729.4,164961,615205991.8,18192,74864,45.38,3614.3125,127.9118167404481,3870.136133480896,3358.488866519104,1
2018-04-16,HEROMOTOCO,EQ,3725.9,3723.0,3810.0,3710.2,3807.0,3803.15,3786.5,164316,622183147.4,13594,60556,36.85,3622.4299999999994,134.65499033104027,3891.7399806620797,3353.120019337919,1
2018-04-17,HEROMOTOCO,EQ,3803.15,3825.0,3825.0,3763.15,3765.1,3769.0,3782.51,223874,846805651.8,23516,139364,62.25,3633.5749999999994,137.2051168103702,3907.9852336207396,3359.164766379259,1
2018-04-18,HEROMOTOCO,EQ,3769.0,3765.05,3784.0,3731.6,3739.4,3737.8,3748.93,204458,766499612.3,20797,127988,62.6,3644.6999999999994,136.1265278296166,3916.9530556592326,3372.446944340766,1
2018-04-19,HEROMOTOCO,EQ,3737.8,3765.0,3770.0,3709.0,3710.0,3723.6,3738.45,234124,875261236.3,26688,133356,56.96,3655.1899999999996,133.56799924028473,3922.325998480569,3388.05400151943,1
2018-04-20,HEROMOTOCO,EQ,3723.6,3725.0,3750.3,3690.0,3737.2,3742.7,3726.94,399283,1488101844.25,26626,293271,73.45,3669.144999999999,126.91153767383403,3922.9680753476673,3415.321924652331,1
2018-04-23,HEROMOTOCO,EQ,3742.7,3736.4,3736.4,3691.35,3714.0,3718.2,3710.61,236404,877202124.15,15003,130122,55.04,3682.4399999999987,116.50022091689114,3915.440441833781,3449.4395581662166,1
2018-04-24,HEROMOTOCO,EQ,3718.2,3740.0,3744.0,3706.3,3718.0,3716.9,3719.26,333702,1241125343.55,21306,243728,73.04,3697.5974999999985,97.9451799880681,3893.4878599761346,3501.7071400238624,2
2018-04-25,HEROMOTOCO,EQ,3716.9,3736.0,3753.0,3700.9,3709.55,3717.2,3728.1,219848,819615194.85,18140,105796,48.12,3709.3724999999986,83.75133066500072,3876.87516133,3541.869838669997,2
2018-04-26,HEROMOTOCO,EQ,3717.2,3707.0,3774.55,3659.05,3770.0,3761.85,3717.88,341735,1270529986.1,27561,227781,66.65,3724.2299999999987,61.44992484257703,3847.1298496851527,3601.3301503148446,2
2018-04-27,HEROMOTOCO,EQ,3761.85,3768.1,3776.95,3704.5,3710.1,3713.5,3747.05,571451,2141255969.2,36228,411486,72.01,3732.7649999999985,44.41854490614774,3821.602089812294,3643.927910187703,2
2018-04-30,HEROMOTOCO,EQ,3713.5,3731.0,3750.0,3717.05,3732.0,3732.25,3732.78,216291,807366547.5,13742,168097,77.72,3737.0774999999985,39.461695201276335,3816.0008904025512,3658.1541095974458,2
2018-05-02,HEROMOTOCO,EQ,3732.25,3751.0,3774.0,3640.0,3648.0,3664.1,3715.76,715845,2659904807.3,63938,280413,39.17,3738.034999999999,37.28071711249124,3812.5964342249813,3663.4735657750166,2
2018-05-03,HEROMOTOCO,EQ,3664.1,3665.0,3682.95,3637.4,3649.0,3655.6,3663.78,393371,1441226119.3,45121,239420,60.86,3737.4574999999995,38.50588565743814,3814.4692713148756,3660.4457286851234,2
2018-05-04,HEROMOTOCO,EQ,3655.6,3655.0,3669.85,3643.4,3655.65,3659.75,3658.55,279580,1022857121.7,37007,212964,76.17,3731.3375,40.69353328621506,3812.7245665724304,3649.95043342757,2
2018-05-07,HEROMOTOCO,EQ,3659.75,3662.95,3679.0,3622.75,3645.0,3648.05,3657.42,198507,726023700.65,13411,127835,64.4,3724.7675000000004,43.055659433005914,3810.8788188660124,3638.6561811339884,2
2018-05-08,HEROMOTOCO,EQ,3648.05,3659.9,3674.0,3640.15,3660.65,3657.3,3657.58,360338,1317966748.8,23149,309305,85.84,3717.6975000000007,41.86957026856273,3801.436640537126,3633.9583594628753,2
2018-05-09,HEROMOTOCO,EQ,3657.3,3660.0,3685.0,3635.0,3658.0,3654.4,3659.37,259686,950287383.9,25122,169725,65.36,3714.5025,44.19466946602192,3802.891838932044,3626.1131610679563,2
2018-05-10,HEROMOTOCO,EQ,3654.4,3663.0,3665.35,3625.05,3650.0,3646.0,3646.03,352223,1284213945.3,72589,276639,78.54,3709.835,46.31112774087837,3802.457255481757,3617.212744518243,2
2018-05-11,HEROMOTOCO,EQ,3646.0,3655.0,3655.0,3591.0,3616.0,3618.3,3610.98,246696,890814378.45,15364,160376,65.01,3703.2775,49.57661926384163,3802.4307385276834,3604.124261472317,2
2018-05-14,HEROMOTOCO,EQ,3618.3,3625.0,3655.05,3624.2,3654.0,3648.3,3645.03,223997,816475195.25,11632,148515,66.3,3699.3975000000005,50.735974144276874,3800.8694482885544,3597.9255517114466,2
2018-05-15,HEROMOTOCO,EQ,3648.3,3650.0,3659.35,3631.05,3650.0,3649.6,3650.43,341729,1247457960.85,18151,263250,77.03,3691.720000000001,45.56370439170856,3782.8474087834184,3600.592591216584,2
2018-05-16,HEROMOTOCO,EQ,3649.6,3639.0,3639.0,3501.6,3580.0,3575.5,3561.04,395161,1407186098.75,34706,214482,54.28,3682.045000000001,48.72465576017514,3779.4943115203514,3584.5956884796506,2
2018-05-17,HEROMOTOCO,EQ,3575.5,3600.0,3604.95,3535.0,3559.0,3554.55,3556.13,350935,1247971272.85,26252,236085,67.27,3672.882500000001,54.56771571803559,3782.017931436072,3563.74706856393,1
2018-05-18,HEROMOTOCO,EQ,3554.55,3550.0,3575.0,3535.35,3568.75,3561.05,3558.75,424207,1509647034.0,39567,344359,81.18,3664.755000000001,58.57437669547364,3781.903753390948,3547.606246609054,1
2018-05-21,HEROMOTOCO,EQ,3561.05,3578.6,3578.6,3461.75,3469.95,3492.9,3500.57,258835,906070940.0,30585,160193,61.89,3652.265000000001,67.09259528521213,3786.450190570425,3518.0798094295765,1
2018-05-22,HEROMOTOCO,EQ,3492.9,3467.1,3516.95,3450.0,3505.0,3499.9,3497.23,323714,1132102611.2,31615,230827,71.31,3641.350000000001,73.27376029226528,3787.8975205845313,3494.8024794154703,1
2018-05-23,HEROMOTOCO,EQ,3499.9,3494.5,3494.8,3452.0,3483.45,3482.95,3478.4,155958,542484170.8,27025,111114,71.25,3629.652500000001,79.02629887875008,3787.7050977575013,3471.599902242501,1
2018-05-24,HEROMOTOCO,EQ,3482.95,3495.0,3509.9,3445.95,3500.05,3489.9,3471.85,324856,1127850645.45,19604,226110,69.6,3618.287500000001,82.05931563749793,3782.406131274997,3454.168868725005,1
2018-05-25,HEROMOTOCO,EQ,3489.9,3480.0,3575.0,3461.85,3537.35,3552.85,3533.95,177764,628208768.85,18918,90226,50.76,3607.8375000000005,75.8907522883681,3759.6190045767366,3456.0559954232644,2
2018-05-28,HEROMOTOCO,EQ,3552.85,3570.0,3610.0,3537.35,3608.15,3599.8,3586.81,191457,686719234.3,20708,92818,48.48,3602.152500000001,71.70200480754166,3745.5565096150845,3458.7484903849177,2
2018-05-29,HEROMOTOCO,EQ,3599.8,3608.15,3624.0,3565.2,3615.85,3610.4,3599.64,309517,1114148735.25,20652,134759,43.54,3596.0600000000004,64.92208407005768,3725.904168140116,3466.215831859885,2
2018-05-30,HEROMOTOCO,EQ,3610.4,3594.9,3622.45,3528.4,3589.0,3601.45,3590.26,237040,851034962.65,28428,114430,48.27,3592.9275000000002,62.94777383087328,3718.823047661747,3467.0319523382536,2
2018-05-31,HEROMOTOCO,EQ,3601.45,3610.0,3614.15,3530.1,3550.0,3544.9,3551.91,707484,2512920320.0,59331,432185,61.09,3587.3924999999995,62.00683170128234,3711.4061634025643,3463.3788365974347,2
2018-06-01,HEROMOTOCO,EQ,3544.9,3563.5,3637.0,3554.2,3622.0,3626.3,3607.86,300310,1083475101.0,20048,128408,42.76,3585.72,60.382263429269244,3706.484526858538,3464.9554731414614,2
2018-06-04,HEROMOTOCO,EQ,3626.3,3669.85,3669.85,3592.85,3605.0,3613.6,3623.81,230153,834030627.45,24450,112646,48.94,3583.9975,58.985842358007886,3701.9691847160157,3466.0258152839842,2
2018-06-05,HEROMOTOCO,EQ,3613.6,3600.1,3619.0,3565.3,3614.0,3610.4,3596.53,225466,810895582.8,30535,130365,57.82,3581.6524999999992,56.81045000933091,3695.273400018661,3468.0315999813374,2
2018-06-06,HEROMOTOCO,EQ,3610.4,3624.95,3640.0,3598.0,3639.0,3635.2,3628.02,211568,767573443.75,17957,114999,54.36,3580.6924999999997,55.66716001330487,3692.0268200266096,3469.3581799733897,2
2018-06-07,HEROMOTOCO,EQ,3635.2,3652.0,3667.45,3628.3,3663.0,3651.5,3649.62,222475,811948468.5,25818,130574,58.69,3580.9674999999997,56.01923606414183,3693.0059721282832,3468.9290278717162,2
2018-06-08,HEROMOTOCO,EQ,3651.5,3657.0,3660.0,3608.4,3630.05,3635.15,3629.91,175173,635862285.1,21162,85736,48.94,3581.809999999999,56.73241577792653,3695.274831555852,3468.345168444146,2
2018-06-11,HEROMOTOCO,EQ,3635.15,3637.9,3645.9,3600.0,3608.75,3612.3,3622.59,249101,902389628.1,26322,201987,81.09,3580.0099999999993,55.058195527426776,3690.126391054853,3469.893608945146,2
2018-06-12,HEROMOTOCO,EQ,3612.3,3624.8,3712.2,3601.3,3693.0,3687.85,3658.38,257348,941477138.95,26563,131195,50.98,3581.922499999999,58.178598604004236,3698.2796972080077,3465.5653027919907,2
2018-06-13,HEROMOTOCO,EQ,3687.85,3704.7,3708.9,3679.0,3694.8,3696.8,3695.56,209724,775047142.9,16798,128045,61.05,3587.9874999999993,63.54863217501508,3715.084764350029,3460.8902356499693,2
2018-06-14,HEROMOTOCO,EQ,3696.8,3690.05,3706.15,3667.1,3690.25,3695.6,3690.2,155159,572568207.55,13807,100793,64.96,3595.0399999999995,67.35521430992897,3729.7504286198573,3460.3295713801417,2
2018-06-15,HEROMOTOCO,EQ,3695.6,3696.0,3710.35,3652.0,3678.0,3693.7,3686.1,306688,1130482570.75,37527,225309,73.47,3601.672499999999,70.2987786728504,3742.2700573457,3461.0749426542984,2
2018-06-18,HEROMOTOCO,EQ,3693.7,3695.0,3702.5,3651.0,3669.4,3666.15,3671.13,361312,1326423387.4,17487,267868,74.14,3610.334999999999,66.77596498740938,3743.886929974818,3476.78307002518,2
2018-06-19,HEROMOTOCO,EQ,3666.15,3658.0,3660.0,3620.0,3653.0,3652.75,3644.83,242770,884855184.4,23162,166839,68.72,3617.9774999999995,62.05114502315,3742.0797900462994,3493.8752099536996,2
2018-06-20,HEROMOTOCO,EQ,3652.75,3655.0,3690.0,3641.1,3653.0,3655.8,3654.09,433541,1584196713.2,26400,343067,79.13,3626.62,53.73463403370943,3734.0892680674187,3519.150731932581,2
2018-06-21,HEROMOTOCO,EQ,3655.8,3648.0,3675.9,3624.0,3634.95,3635.2,3649.23,280729,1024445392.9,24552,191408,68.18,3633.8849999999998,43.033928169342246,3719.9528563386843,3547.817143661315,2
2018-06-22,HEROMOTOCO,EQ,3635.2,3634.0,3644.2,3601.7,3635.0,3637.65,3624.64,193715,702146571.0,25531,77828,40.18,3638.124999999999,38.576248828575125,3715.2774976571495,3560.9725023428487,2
2018-06-25,HEROMOTOCO,EQ,3637.65,3634.0,3649.95,3575.55,3581.25,3586.85,3590.64,351955,1263743467.1,36004,156236,44.39,3637.4774999999995,39.35422626605596,3716.1859525321115,3558.7690474678875,2
2018-06-26,HEROMOTOCO,EQ,3586.85,3570.0,3578.0,3536.0,3570.0,3566.85,3560.09,252375,898478429.45,29051,155617,61.66,3635.3,42.04419354115656,3719.3883870823133,3551.211612917687,2
2018-06-27,HEROMOTOCO,EQ,3566.85,3570.0,3584.55,3530.0,3531.0,3538.0,3546.11,320678,1137158022.35,40282,220948,68.9,3632.1275,46.85180577039967,3725.8311115407996,3538.4238884592005,2
2018-06-28,HEROMOTOCO,EQ,3538.0,3538.0,3550.95,3476.0,3507.05,3516.05,3513.03,532529,1870790038.7,47652,388640,72.98,3630.6850000000004,50.01603716493427,3730.717074329869,3530.652925670132,1
2018-06-29,HEROMOTOCO,EQ,3516.05,3520.5,3534.95,3456.35,3467.7,3473.5,3490.7,398443,1390845031.35,43848,271501,68.14,3623.0450000000005,61.1516576786102,3745.348315357221,3500.74168464278,1
2018-07-02,HEROMOTOCO,EQ,3473.5,3480.0,3527.65,3402.3,3406.0,3415.4,3445.25,236235,813888037.25,24734,114616,48.52,3613.1349999999998,76.81627277574496,3766.7675455514895,3459.50245444851,1
2018-07-03,HEROMOTOCO,EQ,3415.4,3455.0,3484.95,3432.55,3447.7,3447.65,3462.46,289618,1002790060.25,33406,85890,29.66,3604.9975,85.27586268445863,3775.549225368917,3434.4457746310827,1
2018-07-04,HEROMOTOCO,EQ,3447.65,3460.0,3479.05,3415.45,3470.4,3458.8,3452.59,266759,921008213.65,28431,143889,53.94,3596.1775000000002,90.92308848546931,3778.023676970939,3414.3313230290614,1
2018-07-05,HEROMOTOCO,EQ,3458.8,3480.9,3517.9,3458.85,3508.75,3505.75,3492.91,273797,956347667.4,25463,147750,53.96,3588.8900000000003,92.08907387044012,3773.0681477408807,3404.71185225912,1
2018-07-06,HEROMOTOCO,EQ,3505.75,3509.3,3670.0,3486.0,3647.8,3637.1,3615.44,1032128,3731598907.35,58363,380987,36.91,3588.9875000000006,92.1416470712326,3773.270794142466,3404.7042058575353,2
2018-07-09,HEROMOTOCO,EQ,3637.1,3659.95,3662.9,3597.15,3616.95,3611.5,3632.17,314206,1141248519.45,35785,137844,43.87,3588.9475000000007,92.13116718627225,3773.209834372545,3404.685165627456,2
2018-07-10,HEROMOTOCO,EQ,3611.5,3644.8,3644.8,3574.8,3586.85,3583.5,3597.76,470962,1694410151.25,49229,254150,53.96,3583.7300000000005,89.14164128243246,3762.013282564865,3405.4467174351357,2
2018-07-11,HEROMOTOCO,EQ,3583.5,3554.85,3564.5,3524.0,3549.8,3536.6,3541.78,377121,1335681114.25,48877,183533,48.67,3575.7200000000003,85.57287506779184,3746.8657501355838,3404.5742498644167,2
2018-07-12,HEROMOTOCO,EQ,3536.6,3569.0,3570.0,3484.0,3501.0,3498.85,3517.55,456469,1605652592.45,56813,275006,60.25,3565.8825000000006,82.31322601885427,3730.508952037709,3401.256047962292,1
2018-07-13,HEROMOTOCO,EQ,3498.85,3520.0,3523.7,3444.0,3452.0,3455.9,3468.7,310931,1078527908.55,39106,200844,64.59,3553.9925000000003,80.02146796657527,3714.035435933151,3393.9495640668497,1
2018-07-16,HEROMOTOCO,EQ,3455.9,3465.0,3466.0,3416.35,3417.35,3426.0,3430.28,183060,627947832.9,16584,101552,55.47,3541.9850000000006,80.32317798152555,3702.6313559630516,3381.3386440369495,1
2018-07-17,HEROMOTOCO,EQ,3426.0,3415.0,3514.6,3398.55,3501.3,3488.6,3465.25,318577,1103948890.2,32729,150501,47.24,3533.777500000001,76.7148710537182,3687.2072421074377,3380.3477578925645,1
2018-07-18,HEROMOTOCO,EQ,3488.6,3500.0,3515.0,3473.2,3500.0,3506.15,3494.95,211820,740300676.6,18995,113888,53.77,3526.2950000000005,71.29342241011038,3668.8818448202214,3383.7081551797796,2
2018-07-19,HEROMOTOCO,EQ,3506.15,3506.05,3508.0,3440.0,3450.1,3451.1,3479.63,147907,514661701.8,23273,62517,42.27,3517.090000000001,68.31492015503254,3653.719840310066,3380.460159689936,1
2018-07-20,HEROMOTOCO,EQ,3451.1,3452.0,3489.0,3322.0,3382.0,3376.95,3401.75,560441,1906477807.65,41675,275393,49.14,3504.055000000001,68.96906991733346,3641.993139834668,3366.1168601653344,1
2018-07-23,HEROMOTOCO,EQ,3376.95,3383.0,3386.8,3087.0,3154.85,3165.45,3174.71,1902639,6040324664.65,119326,897691,47.18,3482.9850000000006,99.81492228381994,3682.6148445676404,3283.355155432361,1
2018-07-24,HEROMOTOCO,EQ,3165.45,3173.8,3205.45,3033.75,3108.0,3108.25,3137.41,1620867,5085316472.3,90913,712474,43.96,3460.0550000000003,128.18051405814018,3716.416028116281,3203.6939718837198,1
2018-07-25,HEROMOTOCO,EQ,3108.25,3147.05,3164.8,3061.65,3121.95,3110.05,3129.89,964916,3020081964.05,60185,378928,39.27,3438.6575000000003,148.5802381800148,3735.8179763600297,3141.497023639971,1
2018-07-26,HEROMOTOCO,EQ,3110.05,3082.0,3189.95,3068.05,3145.05,3136.75,3121.37,1770364,5525961961.8,104039,531890,30.04,3419.6925,161.8008475963366,3743.294195192673,3096.090804807327,1
2018-07-27,HEROMOTOCO,EQ,3136.75,3150.0,3238.4,3132.05,3203.0,3203.95,3197.77,820125,2622574580.7,69185,353404,43.09,3406.215,168.1834040407523,3742.5818080815047,3069.8481919184956,1
2018-07-30,HEROMOTOCO,EQ,3203.95,3223.0,3228.0,3175.0,3211.0,3209.95,3203.83,317977,1018744482.95,33311,149113,46.89,3395.9425,173.7742927167552,3743.4910854335103,3048.39391456649,1
2018-07-31,HEROMOTOCO,EQ,3209.95,3215.0,3302.0,3191.05,3292.8,3294.45,3268.14,753969,2464073468.25,45852,423538,56.17,3388.2825000000003,174.74886361726146,3737.7802272345234,3038.784772765477,1
2018-08-01,HEROMOTOCO,EQ,3294.45,3296.0,3333.35,3257.15,3280.0,3280.4,3296.81,463790,1529026140.55,31290,150655,32.48,3379.3625,175.5113925489498,3730.3852850978997,3028.3397149021007,1
2018-08-02,HEROMOTOCO,EQ,3280.4,3296.0,3296.0,3218.25,3262.05,3263.7,3255.52,352679,1148153614.45,32537,133682,37.9,3367.2599999999998,174.6809622682024,3716.6219245364045,3017.898075463595,1
2018-08-03,HEROMOTOCO,EQ,3263.7,3270.0,3282.45,3229.0,3245.0,3250.55,3257.78,311563,1015004912.4,32561,112467,36.1,3347.9325,164.33148245238232,3676.5954649047644,3019.2695350952354,1
2018-08-06,HEROMOTOCO,EQ,3250.55,3279.0,3309.0,3251.05,3304.0,3297.1,3285.56,338084,1110795742.6,36723,190588,56.37,3332.2125,152.39588928959316,3637.0042785791866,3027.4207214208136,1
2018-08-07,HEROMOTOCO,EQ,3297.1,3304.0,3329.95,3268.05,3306.0,3297.75,3293.95,248243,817700116.2,20857,119685,48.21,3317.925,140.53005625318633,3598.985112506373,3036.8648874936275,1
2018-08-08,HEROMOTOCO,EQ,3297.75,3298.0,3322.4,3287.05,3295.0,3299.05,3302.97,234708,775232958.35,32950,154733,65.93,3306.0474999999997,130.77526874172733,3567.5980374834544,3044.496962516545,1
2018-08-09,HEROMOTOCO,EQ,3299.05,3306.0,3343.65,3262.0,3270.0,3281.35,3307.4,440547,1457064264.5,30983,229957,52.2,3295.1724999999997,122.691975754207,3540.556451508414,3049.7885484915855,1
2018-08-10,HEROMOTOCO,EQ,3281.35,3299.9,3340.0,3262.35,3304.0,3319.4,3312.92,356538,1181183149.25,25288,163270,45.79,3288.3475,116.94243464086944,3522.2323692817386,3054.462630718261,1
2018-08-13,HEROMOTOCO,EQ,3319.4,3300.0,3347.0,3277.15,3310.0,3308.2,3321.8,293422,974688314.7,21263,136937,46.67,3282.4574999999995,112.52770334337222,3507.512906686744,3057.402093313255,1
2018-08-14,HEROMOTOCO,EQ,3308.2,3317.0,3333.0,3253.6,3266.4,3266.35,3290.68,249075,819625325.25,20998,112343,45.1,3271.3450000000003,101.53613940494401,3474.417278809888,3068.2727211901124,1
2018-08-16,HEROMOTOCO,EQ,3266.35,3262.0,3304.45,3235.1,3295.0,3282.65,3278.01,274268,899054148.05,20074,128102,46.71,3260.17,85.34110103761715,3430.8522020752343,3089.487797924766,2
2018-08-17,HEROMOTOCO,EQ,3282.65,3315.0,3319.7,3235.55,3250.0,3242.3,3278.97,284947,934331257.75,29287,148987,52.29,3249.73,72.5708970955994,3394.8717941911987,3104.5882058088014,2
2018-08-20,HEROMOTOCO,EQ,3242.3,3266.6,3324.0,3250.35,3309.0,3304.0,3299.13,301515,994737327.65,32202,150056,49.77,3246.0825000000004,67.49595947943494,3381.0744189588704,3111.0905810411305,2
2018-08-21,HEROMOTOCO,EQ,3304.0,3310.0,3349.9,3297.05,3314.6,3316.75,3322.08,317643,1055235267.7,33716,157890,49.71,3253.6475000000005,66.45382147141609,3386.555142942833,3120.739857057168,2
2018-08-23,HEROMOTOCO,EQ,3316.75,3331.0,3334.95,3265.0,3285.0,3284.75,3286.66,182542,599953425.1,23656,96162,52.68,3262.4725000000008,57.204810882957325,3376.8821217659156,3148.062878234086,2
2018-08-24,HEROMOTOCO,EQ,3284.75,3277.4,3287.95,3202.1,3220.0,3212.3,3234.29,320734,1037346967.95,35704,167717,52.29,3267.5850000000005,46.41762681292988,3360.4202536258604,3174.7497463741406,2
2018-08-27,HEROMOTOCO,EQ,3212.3,3230.0,3240.0,3210.1,3223.7,3223.75,3223.75,250565,807758326.45,21704,149472,59.65,3271.9350000000004,36.53591275785682,3345.006825515714,3198.863174484287,2
2018-08-28,HEROMOTOCO,EQ,3223.75,3228.0,3244.8,3188.7,3229.9,3232.75,3216.81,363420,1169052799.1,52052,181488,49.94,3273.375000000001,34.20881503812859,3341.7926300762583,3204.9573699237435,2
2018-08-29,HEROMOTOCO,EQ,3232.75,3216.0,3274.85,3201.0,3244.2,3246.1,3241.06,294701,955144631.8,23126,106061,35.99,3275.1825000000013,31.53149751476186,3338.245495029525,3212.1195049704775,2
2018-08-30,HEROMOTOCO,EQ,3246.1,3227.0,3255.0,3210.05,3217.0,3223.7,3228.5,381370,1231253733.8,38451,202899,53.2,3271.6450000000013,33.18164084958386,3338.008281699169,3205.2817183008337,2
2018-08-31,HEROMOTOCO,EQ,3223.7,3208.0,3260.0,3201.05,3259.3,3253.8,3244.8,401621,1303177936.05,37708,260971,64.98,3270.3150000000014,33.34494398661905,3337.0048879732394,3203.6251120267634,2
2018-09-03,HEROMOTOCO,EQ,3253.8,3280.0,3295.75,3235.0,3236.65,3242.45,3261.1,292015,952291219.3,21825,182650,62.55,3269.2525000000014,33.90073929868005,3337.0539785973615,3201.4510214026413,2
2018-09-04,HEROMOTOCO,EQ,3242.45,3257.7,3259.0,3180.0,3182.0,3184.15,3204.63,178340,571513162.4,19510,79728,44.71,3265.9325000000013,38.73536829018145,3343.403236580364,3188.4617634196384,2
2018-09-05,HEROMOTOCO,EQ,3184.15,3179.0,3203.95,3134.45,3143.8,3145.4,3169.55,355010,1125220961.65,21287,213683,60.19,3258.3475000000008,46.40449863340884,3351.1564972668184,3165.538502733183,2
2018-09-06,HEROMOTOCO,EQ,3145.4,3151.35,3180.0,3116.6,3152.0,3164.85,3153.57,303246,956307749.95,26942,144177,47.54,3251.702500000001,49.85256018075588,3351.4076203615127,3151.997379638489,2
2018-09-07,HEROMOTOCO,EQ,3164.85,3180.0,3345.0,3161.85,3339.0,3329.35,3264.04,666688,2176093751.45,47571,351056,52.66,3253.217500000001,51.7899204656568,3356.797340931315,3149.6376590686873,2
2018-09-10,HEROMOTOCO,EQ,3329.35,3333.0,3334.85,3258.2,3287.0,3278.3,3280.79,302172,991361501.7,28917,118742,39.3,3253.0650000000014,51.70714625350312,3356.479292507008,3149.650707492995,2
2018-09-11,HEROMOTOCO,EQ,3278.3,3294.0,3294.0,3170.0,3179.75,3184.2,3209.93,479594,1539463866.05,55646,202832,42.29,3246.305000000001,51.41526217192141,3349.135524343844,3143.4744756561586,2
2018-09-12,HEROMOTOCO,EQ,3184.2,3199.0,3202.4,3107.75,3165.25,3163.75,3154.57,424166,1338060463.7,35704,206332,48.64,3239.082500000002,52.399327725167026,3343.881155450336,3134.2838445496677,2
2018-09-14,HEROMOTOCO,EQ,3163.75,3187.0,3200.6,3151.15,3190.75,3186.65,3178.84,329042,1045971521.85,43615,172126,52.31,3235.0975000000017,53.2403425267458,3341.578185053493,3128.61681494651,2
2018-09-17,HEROMOTOCO,EQ,3186.65,3180.0,3180.0,3110.25,3126.0,3127.9,3142.14,260149,817423623.65,23744,118744,45.64,3227.3600000000015,57.07282190322053,3341.5056438064425,3113.2143561935604,2
2018-09-18,HEROMOTOCO,EQ,3127.9,3140.0,3153.2,3104.5,3107.75,3111.45,3128.49,337805,1056818051.7,40520,192558,57.0,3220.817500000002,62.51091331032848,3345.839326620659,3095.795673379345,1
2018-09-19,HEROMOTOCO,EQ,3111.45,3130.0,3180.0,3102.05,3138.0,3153.95,3157.85,299509,945805359.6,22839,125116,41.77,3213.3150000000014,60.98785707436289,3335.290714148727,3091.3392858512757,2
2018-09-21,HEROMOTOCO,EQ,3153.95,3169.85,3188.75,3020.0,3182.0,3175.2,3155.37,579823,1829553682.55,44791,371814,64.13,3206.2375000000015,56.39288373121959,3319.023267462441,3093.4517325375623,2
2018-09-24,HEROMOTOCO,EQ,3175.2,3175.3,3183.0,3080.05,3120.0,3110.2,3118.02,615568,1919353128.85,25275,453747,73.71,3197.510000000001,57.104978582815605,3311.7199571656324,3083.30004283437,2
2018-09-25,HEROMOTOCO,EQ,3110.2,3121.95,3125.0,3082.0,3112.6,3112.6,3101.63,463611,1437951343.4,46999,272009,58.67,3192.5250000000015,60.02304491650722,3312.571089833016,3072.478910166987,1
2018-09-26,HEROMOTOCO,EQ,3112.6,3140.0,3140.0,3086.7,3095.85,3100.05,3100.74,357504,1108528086.0,34282,215624,60.31,3186.3400000000015,62.938605423284756,3312.217210846571,3060.462789153432,1
2018-09-27,HEROMOTOCO,EQ,3100.05,3114.0,3130.9,3075.0,3088.35,3088.1,3093.07,932370,2883883719.4,39854,652426,69.98,3179.107500000002,65.58045335188217,3310.2684067037662,3047.9465932962376,1
2018-09-28,HEROMOTOCO,EQ,3088.1,3092.0,3099.9,2877.85,2913.25,2933.25,2954.74,832489,2459788185.55,85166,408568,49.08,3163.465000000002,83.59655007359255,3330.6581001471873,2996.2718998528167,1
2018-10-01,HEROMOTOCO,EQ,2933.25,2910.0,2985.7,2850.0,2965.5,2973.0,2903.2,663628,1926642821.7,50106,391459,58.99,3150.9300000000026,92.41935802004976,3335.768716040102,2966.091283959903,1
2018-10-03,HEROMOTOCO,EQ,2973.0,2989.0,2995.0,2900.0,2907.0,2913.5,2952.46,503936,1487848953.8,68820,217993,43.26,3133.9150000000022,103.18251088545705,3340.2800217709164,2927.549978229088,1
2018-10-04,HEROMOTOCO,EQ,2913.5,2881.1,2887.0,2713.15,2753.0,2763.5,2776.43,1172793,3256181792.2,130263,534651,45.59,3109.9675000000025,129.0132084985911,3367.993916997185,2851.94108300282,1
2018-10-05,HEROMOTOCO,EQ,2763.5,2758.0,2779.95,2692.0,2748.9,2740.75,2728.11,811688,2214376362.65,70059,364381,44.89,3087.7975000000024,151.69777647728844,3391.1930529545793,2784.4019470454255,1
2018-10-08,HEROMOTOCO,EQ,2740.75,2725.0,2885.0,2710.05,2873.1,2873.05,2820.3,762339,2150025301.5,65590,314468,41.25,3074.1800000000026,158.33372600134518,3390.847452002693,2757.512547997312,1
2018-10-09,HEROMOTOCO,EQ,2873.05,2896.6,2931.9,2870.15,2886.55,2891.75,2897.0,699147,2025425663.4,60980,383324,54.83,3060.5250000000024,161.84012294462738,3384.205245889257,2736.8447541107475,1
2018-10-10,HEROMOTOCO,EQ,2891.75,2918.0,2993.65,2907.9,2919.95,2920.1,2950.6,1165353,3438495672.05,58215,881948,75.68,3040.0625000000027,151.61070375608756,3343.283907512178,2736.8410924878276,1
2018-10-11,HEROMOTOCO,EQ,2920.1,2877.0,2934.9,2846.4,2879.95,2871.0,2881.48,635575,1831393999.1,82449,391245,61.56,3019.6975000000025,145.14251841314697,3309.9825368262964,2729.4124631737086,1
2018-10-12,HEROMOTOCO,EQ,2871.0,2892.5,2939.8,2875.0,2886.65,2893.95,2897.89,384692,1114795703.15,48451,199213,51.79,3005.185000000002,142.31169839473768,3289.8083967894777,2720.5616032105268,1
2018-10-15,HEROMOTOCO,EQ,2893.95,2902.0,2914.5,2867.0,2881.3,2881.25,2880.97,209679,604078152.3,19500,75974,36.23,2991.060000000002,139.74158161253794,3270.543163225078,2711.5768367749265,1
2018-10-16,HEROMOTOCO,EQ,2881.25,2871.0,2911.3,2871.0,2894.0,2895.2,2892.78,609045,1761832055.35,32965,300064,49.27,2976.487500000002,133.32055145694525,3243.1286029138923,2709.8463970861117,1
2018-10-17,HEROMOTOCO,EQ,2895.2,2915.0,2995.0,2766.25,2803.55,2807.55,2882.51,1625059,4684245620.75,94535,459781,28.29,2960.470000000002,133.41584120412722,3227.3016824082565,2693.6383175917476,1
2018-10-19,HEROMOTOCO,EQ,2807.55,2802.9,2803.95,2675.1,2718.15,2712.75,2720.67,782281,2128328665.8,50597,388359,49.64,2940.5350000000026,139.32508379210975,3219.185167584222,2661.884832415783,1
2018-10-22,HEROMOTOCO,EQ,2712.75,2750.0,2766.0,2691.45,2740.0,2731.8,2732.43,312603,854165533.85,27216,117277,37.52,2919.4275000000025,137.25349336458976,3193.934486729182,2644.920513270823,1
2018-10-23,HEROMOTOCO,EQ,2731.8,2717.0,2744.9,2694.0,2738.2,2724.25,2717.63,463980,1260926162.4,43791,316521,68.22,2896.880000000003,129.86608426413372,3156.61216852827,2637.1478314717356,1
2018-10-24,HEROMOTOCO,EQ,2724.25,2767.1,2767.1,2660.15,2696.7,2701.65,2700.47,516142,1393824649.05,39502,247583,47.97,2876.452500000003,126.6371676493785,3129.72683529876,2623.1781647012463,1
2018-10-25,HEROMOTOCO,EQ,2701.65,2688.7,2715.0,2648.0,2698.35,2695.1,2682.78,700158,1878369108.35,61809,449775,64.24,2855.577500000003,119.89255000226696,3095.362600004537,2615.792399995469,1
2018-10-26,HEROMOTOCO,EQ,2695.1,2704.0,2757.0,2672.0,2710.0,2705.35,2712.97,657518,1783829113.65,35021,457728,69.61,2835.842500000003,109.57389752915658,3054.990295058316,2616.69470494169,1
2018-10-29,HEROMOTOCO,EQ,2705.35,2738.0,2769.0,2708.0,2745.0,2749.85,2741.29,453890,1244243492.0,34438,293416,64.64,2818.930000000003,93.51682989535796,3005.963659790719,2631.8963402092872,1
2018-10-30,HEROMOTOCO,EQ,2749.85,2759.0,2809.95,2735.0,2774.75,2773.9,2770.62,403508,1117966029.5,38944,202795,50.26,2810.962500000003,89.98583788424641,2990.9341757684956,2630.99082423151,1
2018-10-31,HEROMOTOCO,EQ,2773.9,2784.5,2820.0,2712.85,2753.0,2762.35,2771.1,762180,2112079679.25,70489,427828,56.13,2800.430000000003,81.9948400173244,2964.4196800346517,2636.4403199653543,1
2018-11-01,HEROMOTOCO,EQ,2762.35,2778.0,2805.0,2749.0,2793.2,2792.25,2776.59,172451,478825681.55,20122,47825,27.73,2794.367500000003,77.55708640291148,2949.481672805826,2639.25332719418,1
2018-11-02,HEROMOTOCO,EQ,2792.25,2849.95,2939.85,2838.55,2897.0,2896.6,2909.25,548045,1594401410.6,38884,152879,27.9,2801.0225000000028,80.4264398705805,2961.8753797411637,2640.169620258842,2
2018-11-05,HEROMOTOCO,EQ,2896.6,2899.0,2900.7,2815.0,2845.4,2847.8,2845.46,248031,705762623.6,30840,91246,36.79,2806.3750000000027,79.76353457164129,2965.902069143285,2646.8479308567203,1
2018-11-06,HEROMOTOCO,EQ,2847.8,2864.0,2963.95,2827.8,2855.0,2856.05,2854.35,248605,709604852.4,21003,90277,36.31,2805.525000000003,79.10346572348566,2963.731931446974,2647.3180685530315,1
2018-11-07,HEROMOTOCO,EQ,2856.05,2897.0,2897.0,2850.0,2891.15,2888.55,2885.75,37641,108622385.5,3039,12297,32.67,2805.365000000003,78.92291225582312,2963.210824511649,2647.5191754883567,1
2018-11-09,HEROMOTOCO,EQ,2888.55,2898.0,2965.5,2878.3,2959.9,2956.7,2942.37,275743,811338545.85,27295,75802,27.49,2807.195000000003,82.08432105555173,2971.3636421111064,2643.0263578888994,2
2018-11-12,HEROMOTOCO,EQ,2956.7,2958.85,2976.5,2820.1,2834.0,2839.35,2886.73,280472,809648151.2,33144,108242,38.59,2805.612500000003,81.08853490731003,2967.789569814623,2643.4354301853828,1
2018-11-13,HEROMOTOCO,EQ,2839.35,2828.0,2898.45,2808.0,2872.3,2879.7,2847.97,269648,767949604.5,18747,36518,13.54,2804.900000000003,80.33055065424382,2965.5611013084904,2644.2388986915153,1
2018-11-14,HEROMOTOCO,EQ,2879.7,2898.9,2927.4,2823.0,2851.85,2847.55,2879.5,263733,759419655.85,17801,80491,30.52,2803.215000000003,78.9869627816303,2961.1889255632636,2645.241074436742,1
2018-11-15,HEROMOTOCO,EQ,2847.55,2872.0,2934.9,2856.2,2919.7,2922.15,2912.96,341266,994093170.6,35366,116041,34.0,2804.562500000003,80.84678308701771,2966.2560661740386,2642.868933825968,2
2018-11-16,HEROMOTOCO,EQ,2922.15,2930.0,2970.0,2925.25,2954.0,2961.9,2948.75,383335,1130357491.35,24338,213125,55.6,2812.2800000000034,88.18127620803212,2988.6425524160677,2635.917447583939,2
2018-11-19,HEROMOTOCO,EQ,2961.9,2973.3,2998.9,2963.1,2988.0,2980.65,2979.32,291764,869257413.45,22870,142403,48.81,2825.6750000000034,92.507902222877,3010.6908044457573,2640.6591955542494,2
2018-11-20,HEROMOTOCO,EQ,2980.65,2988.9,2994.95,2941.0,2963.5,2960.1,2965.24,161818,479828727.3,14597,38484,23.78,2837.090000000003,94.38109980283797,3025.852199605679,2648.327800394327,2
2018-11-21,HEROMOTOCO,EQ,2960.1,2952.6,2961.5,2892.2,2900.25,2912.05,2920.77,288328,842140093.55,25178,137343,47.63,2846.480000000003,91.87254959134636,3030.225099182696,2662.7349008173105,2
2018-11-22,HEROMOTOCO,EQ,2912.05,2901.0,2954.7,2872.15,2916.0,2917.75,2917.4,346980,1012277993.15,26882,142553,41.08,2857.285000000003,86.49291589484906,3030.2708317897013,2684.2991682103047,2
2018-11-26,HEROMOTOCO,EQ,2917.75,2918.0,3104.7,2912.25,3096.1,3076.0,3004.23,645146,1938169611.6,49378,259044,40.15,2876.330000000003,90.73312573286982,3057.796251465743,2694.8637485342633,2
2018-11-27,HEROMOTOCO,EQ,3076.0,3068.35,3075.0,2950.0,2958.0,2958.15,3001.11,798702,2396993174.65,57100,368701,46.16,2888.9700000000034,82.93385506403996,3054.8377101280835,2723.1022898719234,2
2018-11-28,HEROMOTOCO,EQ,2958.15,2973.0,3015.0,2970.0,3002.05,2999.15,2998.84,650210,1949877552.15,36179,315075,48.46,2901.4350000000036,79.59112470352942,3060.6172494070624,2742.2527505929447,2
2018-11-29,HEROMOTOCO,EQ,2999.15,3025.95,3042.8,2996.65,3032.85,3016.8,3021.44,502846,1519318031.75,37253,275799,54.85,2913.5800000000036,77.6137813318325,3068.8075626636687,2758.3524373363384,2
2018-11-30,HEROMOTOCO,EQ,3016.8,3025.0,3061.8,3020.0,3055.0,3055.2,3046.36,418913,1276160551.55,33985,186940,44.63,2928.2225000000035,75.1670901444477,3078.556680288899,2777.888319711108,2
2018-12-03,HEROMOTOCO,EQ,3055.2,3050.0,3067.35,2999.05,3029.5,3039.9,3030.27,627118,1900336660.55,37095,317229,50.59,2940.6050000000037,71.91682128824029,3084.438642576484,2796.771357423523,2
2018-12-04,HEROMOTOCO,EQ,3039.9,3040.0,3091.25,3035.0,3079.0,3069.15,3064.25,427274,1309272552.25,39797,186831,43.73,2949.2325000000037,76.56000617846678,3102.352512356937,2796.1124876430704,2
2018-12-05,HEROMOTOCO,EQ,3069.15,3059.9,3081.95,3028.4,3043.9,3052.5,3046.81,211238,643602341.75,17629,89797,42.51,2959.4675000000034,75.96667426364363,3111.4008485272907,2807.534151472716,2
2018-12-06,HEROMOTOCO,EQ,3052.5,3028.2,3053.7,3005.05,3035.0,3026.75,3032.26,713055,2162169718.15,34687,474017,66.48,2968.0025000000032,73.27762901778472,3114.5577580355725,2821.447241964434,2
2018-12-07,HEROMOTOCO,EQ,3026.75,3060.0,3077.0,3025.1,3066.0,3066.8,3048.35,365305,1113576487.5,25841,244754,67.0,2976.9150000000036,73.94243867250108,3124.799877345006,2829.0301226550014,2
2018-12-10,HEROMOTOCO,EQ,3066.8,3025.0,3060.0,3005.0,3034.0,3046.5,3034.0,682813,2071655221.95,24004,498329,72.98,2981.4050000000034,75.36312950951681,3132.131259019037,2830.67874098097,2
2018-12-11,HEROMOTOCO,EQ,3046.5,3010.0,3062.5,2982.0,3049.7,3038.8,3028.88,443657,1343782480.5,41102,216132,48.72,2991.3775000000037,68.45589143647919,3128.289282872962,2854.4657171270455,2
2018-12-12,HEROMOTOCO,EQ,3038.8,3055.0,3274.25,3040.6,3248.0,3258.65,3206.13,2188953,7018073273.35,103945,1024624,46.81,3010.325000000004,86.09069345750889,3182.5063869150217,2838.143613084986,2
2018-12-13,HEROMOTOCO,EQ,3258.65,3230.0,3340.0,3210.05,3329.85,3318.25,3285.75,1278210,4199874863.75,83298,483681,37.84,3033.8600000000038,102.10024047600527,3238.060480952014,2829.6595190479934,1
2018-12-14,HEROMOTOCO,EQ,3318.25,3302.0,3350.8,3266.65,3315.0,3314.65,3308.3,920809,3046314402.1,88985,420177,45.63,3053.4850000000038,116.24063301252707,3285.966266025058,2821.0037339749497,1
2018-12-17,HEROMOTOCO,EQ,3314.65,3316.0,3320.0,3265.3,3292.0,3286.1,3286.44,707590,2325451699.45,33581,408123,57.68,3069.695000000004,125.06681466949648,3319.828629338997,2819.5613706610106,1
2018-12-18,HEROMOTOCO,EQ,3286.1,3275.05,3324.65,3240.0,3297.05,3298.05,3289.28,910514,2994935229.85,48863,543723,59.72,3085.5650000000037,133.0556493193162,3351.676298638636,2819.4537013613713,1
2018-12-19,HEROMOTOCO,EQ,3298.05,3305.0,3330.1,3280.0,3302.2,3305.2,3307.82,947007,3132526357.45,40050,660511,69.75,3102.820000000004,138.2057347046738,3379.2314694093516,2826.408530590656,1
2018-12-20,HEROMOTOCO,EQ,3305.2,3295.95,3380.0,3268.45,3372.3,3361.35,3322.89,388448,1290770181.4,26060,113731,29.28,3125.2850000000035,142.02792914737034,3409.340858294744,2841.229141705263,1
2018-12-21,HEROMOTOCO,EQ,3361.35,3361.35,3369.0,3311.5,3335.25,3324.15,3332.67,525895,1752633056.45,42293,223791,42.55,3145.605000000003,139.82793646401765,3425.2608729280387,2865.9491270719677,1
2018-12-24,HEROMOTOCO,EQ,3324.15,3300.0,3301.0,3150.0,3166.0,3168.4,3197.52,655657,2096478723.9,46973,98805,15.07,3150.225000000003,138.930700729749,3428.086401459501,2872.3635985405053,1
2018-12-26,HEROMOTOCO,EQ,3168.4,3160.0,3212.0,3136.05,3184.15,3175.2,3178.16,506895,1610995034.2,32767,118403,23.36,3161.0775000000026,131.41105905054368,3423.89961810109,2898.2553818989154,1
2018-12-27,HEROMOTOCO,EQ,3175.2,3208.7,3210.0,3114.65,3129.0,3128.8,3159.15,357087,1128092301.9,22176,76121,21.32,3167.560000000002,126.09297488673003,3419.745949773462,2915.3740502265423,1
2018-12-28,HEROMOTOCO,EQ,3128.8,3138.05,3160.0,3110.75,3123.45,3122.6,3131.77,260717,816506078.35,17581,58520,22.45,3172.850000000002,121.57355798032772,3415.9971159606575,2929.702884039347,1
2018-12-31,HEROMOTOCO,EQ,3122.6,3143.0,3159.05,3087.0,3090.0,3104.25,3123.49,279055,871626888.6,21625,54652,19.58,3175.3025000000025,119.55325005486188,3414.409000109726,2936.195999890279,1
2019-01-01,HEROMOTOCO,EQ,3104.25,3089.0,3135.0,3073.3,3124.0,3127.6,3109.63,344239,1070456381.9,20359,28808,8.37,3179.6875000000027,115.87737151946155,3411.442243038926,2947.9327569610796,1
2019-01-02,HEROMOTOCO,EQ,3127.6,3115.0,3117.3,3023.8,3025.0,3046.55,3063.61,597712,1831158925.25,49376,115842,19.38,3178.557500000002,117.1156100824999,3412.788720165002,2944.3262798350024,1
2019-01-03,HEROMOTOCO,EQ,3046.55,3032.0,3078.0,3006.3,3011.15,3014.65,3032.39,368413,1117171833.95,46424,77388,21.01,3176.6650000000022,119.54052395910429,3415.746047918211,2937.5839520817935,1
2019-01-04,HEROMOTOCO,EQ,3014.65,3030.0,3045.0,2972.05,2985.0,2987.85,3009.32,405667,1220780056.2,32929,101891,25.12,3174.7200000000025,122.39060356947908,3419.5012071389606,2929.9387928610445,1
2019-01-07,HEROMOTOCO,EQ,2987.85,3020.0,3023.0,2952.0,2961.0,2957.95,2976.76,361881,1077233402.85,25060,126109,34.85,3169.2775000000024,129.64725977474936,3428.572019549501,2909.982980450504,1
2019-01-08,HEROMOTOCO,EQ,2957.95,2974.0,2994.5,2930.25,2957.2,2970.3,2970.06,354130,1051786759.6,27588,99991,28.24,3165.4675000000025,134.4750488253304,3434.417597650663,2896.517402349342,1
2019-01-09,HEROMOTOCO,EQ,2970.3,2985.1,2985.1,2907.0,2925.0,2937.45,2940.59,388001,1140951245.25,26966,146894,37.86,3160.4000000000024,141.23906012594094,3442.8781202518844,2877.9218797481203,1
2019-01-10,HEROMOTOCO,EQ,2937.45,2932.0,2949.95,2912.55,2915.5,2919.5,2928.65,452293,1324609268.55,33717,232048,51.3,3143.442500000002,148.9700749488266,3441.382649897655,2845.502350102349,1
2019-01-11,HEROMOTOCO,EQ,2919.5,2923.0,2940.95,2885.0,2899.3,2899.25,2907.6,258996,753057122.9,19369,112279,43.35,3122.4925000000017,152.5129582716995,3427.5184165434007,2817.4665834566026,1
2019-01-14,HEROMOTOCO,EQ,2899.25,2901.0,2910.3,2856.05,2865.5,2867.0,2871.03,267722,768637159.7,23308,107755,40.25,3100.1100000000015,155.64403263450973,3411.398065269021,2788.821934730982,1
2019-01-15,HEROMOTOCO,EQ,2867.0,2879.7,2918.35,2867.35,2900.0,2910.95,2891.49,371767,1074961688.55,35606,185367,49.86,3081.352500000002,154.65217039927333,3390.6568407985483,2772.0481592014553,1
2019-01-16,HEROMOTOCO,EQ,2910.95,2909.0,2914.95,2870.3,2877.05,2879.85,2893.69,261721,757339818.8,26982,138240,52.82,3060.4425000000015,152.06118425349086,3364.564868506983,2756.3201314930197,1
2019-01-17,HEROMOTOCO,EQ,2879.85,2878.5,2936.9,2864.0,2903.65,2903.6,2903.25,515341,1496161741.9,43756,181442,35.21,3040.3625000000015,144.36041872139336,3329.0833374427884,2751.6416625572147,1
2019-01-18,HEROMOTOCO,EQ,2903.6,2916.4,2929.95,2863.0,2894.95,2898.75,2901.2,389524,1130087369.2,37512,161282,41.4,3017.2325000000014,126.1327342576485,3269.4979685152985,2764.9670314847044,1
2019-01-21,HEROMOTOCO,EQ,2898.75,2901.0,2909.85,2780.0,2783.0,2794.25,2821.28,628463,1773070151.15,52113,254752,40.54,2990.7375000000015,113.26796578187044,3217.2734315637426,2764.2015684362605,1
2019-01-22,HEROMOTOCO,EQ,2794.25,2795.0,2835.0,2742.5,2832.0,2824.9,2784.22,842837,2346647208.75,61631,327266,38.83,2973.5625000000014,110.92944874413926,3195.42139748828,2751.7036025117227,1
2019-01-23,HEROMOTOCO,EQ,2824.9,2832.0,2851.45,2785.1,2794.35,2795.95,2815.59,326454,919159465.4,23195,81809,25.06,2954.6000000000013,106.99200658777487,3168.584013175551,2740.6159868244517,1
2019-01-24,HEROMOTOCO,EQ,2795.95,2795.0,2828.0,2780.05,2798.0,2790.2,2798.93,240737,673806479.1,20053,62206,25.84,2937.670000000001,104.74222041200098,3147.154440824003,2728.185559175999,1
2019-01-25,HEROMOTOCO,EQ,2790.2,2755.0,2788.75,2652.7,2671.0,2670.15,2716.82,775065,2105710323.0,46107,279323,36.04,2915.0475000000015,111.35056480722788,3137.748629614457,2692.346370385546,1
2019-01-28,HEROMOTOCO,EQ,2670.15,2680.0,2685.0,2586.75,2598.65,2598.6,2625.29,576248,1512820254.3,42060,196339,34.07,2889.7650000000012,122.93287759883671,3135.6307551976747,2643.8992448023278,1
2019-01-29,HEROMOTOCO,EQ,2598.6,2601.05,2656.85,2574.3,2623.0,2633.3,2622.59,666747,1748602479.3,56723,344620,51.69,2865.0500000000015,122.28731052641159,3109.6246210528248,2620.4753789471783,1
2019-01-30,HEROMOTOCO,EQ,2633.3,2627.0,2650.0,2591.6,2610.0,2611.0,2614.27,696557,1820990150.5,58058,291493,41.85,2843.2725000000014,126.95699694133354,3097.1864938826684,2589.3585061173344,1
2019-01-31,HEROMOTOCO,EQ,2611.0,2612.1,2634.7,2561.0,2624.0,2613.95,2598.94,1901346,4941492498.25,108392,919600,48.37,2823.237500000001,130.06760172975447,3083.37270345951,2563.1022965404923,1
2019-02-01,HEROMOTOCO,EQ,2613.95,2629.45,2839.35,2625.0,2811.0,2807.25,2751.7,3296513,9071019525.8,190938,882623,26.77,2814.2075000000013,124.17338183593154,3062.5542636718646,2565.860736328138,2
2019-02-04,HEROMOTOCO,EQ,2807.25,2800.0,2844.95,2718.2,2801.5,2780.15,2787.5,991486,2763763925.2,56560,144506,14.57,2805.3175000000015,119.62197284843172,3044.561445696865,2566.073554303138,2
2019-02-05,HEROMOTOCO,EQ,2780.15,2804.0,2873.35,2800.0,2862.0,2854.55,2834.87,767865,2176794010.6,42111,127187,16.56,2799.5300000000016,113.88212326784652,3027.2942465356946,2571.7657534643085,2
2019-02-06,HEROMOTOCO,EQ,2854.55,2870.0,2892.0,2850.0,2875.0,2880.05,2872.26,445829,1280538264.45,30014,89687,20.12,2796.6600000000017,110.90783940776339,3018.475678815528,2574.844321184475,2
2019-02-07,HEROMOTOCO,EQ,2880.05,2885.0,2949.15,2885.0,2933.0,2939.05,2927.6,546196,1599044183.2,31709,88766,16.25,2797.6375000000016,112.12694036926153,3021.8913807385247,2573.3836192614785,2
2019-02-08,HEROMOTOCO,EQ,2939.05,2915.0,2960.0,2912.65,2942.0,2938.85,2939.48,544587,1600801981.95,40322,240925,44.24,2799.6175000000017,114.34344074227637,3028.3043814845546,2570.9306185154487,2
2019-02-11,HEROMOTOCO,EQ,2938.85,2915.0,2915.95,2804.55,2897.05,2889.05,2880.79,478111,1377338717.05,31630,175716,36.75,2800.720000000002,115.13092935753559,3030.981858715073,2570.458141284931,2
2019-02-12,HEROMOTOCO,EQ,2889.05,2896.85,2896.85,2785.0,2802.0,2799.55,2835.0,627923,1780163639.05,61508,298007,47.46,2795.1500000000024,112.17413741703622,3019.498274834075,2570.80172516593,2
2019-02-13,HEROMOTOCO,EQ,2799.55,2800.0,2800.0,2725.0,2760.0,2751.45,2757.22,1667830,4598566888.6,57292,1202023,72.07,2788.7300000000023,110.73652395138208,3010.2030479027662,2567.2569520972384,1
2019-02-14,HEROMOTOCO,EQ,2751.45,2755.2,2891.65,2725.1,2785.4,2776.2,2807.77,661406,1857078884.25,43845,137791,20.83,2782.360000000002,107.394825661855,2997.149651323712,2567.570348676292,1
2019-02-15,HEROMOTOCO,EQ,2776.2,2785.4,2785.4,2678.0,2687.0,2696.45,2710.47,700634,1899050310.95,49382,274068,39.12,2772.2450000000017,105.36326996580698,2982.9715399316156,2561.518460068388,1
2019-02-18,HEROMOTOCO,EQ,2696.45,2690.0,2704.9,2660.45,2684.0,2683.55,2683.54,433854,1164265942.55,28765,191734,44.19,2766.710000000002,107.04077260554847,2980.7915452110988,2552.628454788905,1
2019-02-19,HEROMOTOCO,EQ,2683.55,2687.0,2713.2,2628.9,2636.9,2636.85,2678.53,684524,1833515486.85,33271,300296,43.87,2757.3075000000017,109.88180644743039,2977.0711128948624,2537.543887105141,1
2019-02-20,HEROMOTOCO,EQ,2636.85,2646.05,2661.75,2606.6,2629.0,2623.75,2621.58,605830,1588229914.0,41583,247294,40.82,2748.697500000002,113.38521610093508,2975.4679322018724,2521.9270677981317,1
2019-02-21,HEROMOTOCO,EQ,2623.75,2632.0,2657.0,2581.5,2653.45,2641.25,2620.5,736959,1931200028.85,52786,236194,32.05,2741.2500000000023,115.38976056001587,2972.029521120034,2510.4704788799704,1
2019-02-22,HEROMOTOCO,EQ,2641.25,2652.9,2697.9,2620.0,2678.45,2679.85,2674.59,720407,1926791323.2,37680,229602,31.87,2741.735000000002,115.09519755399239,2971.925395107987,2511.544604892017,1
2019-02-25,HEROMOTOCO,EQ,2679.85,2690.0,2723.6,2690.0,2715.0,2712.5,2709.75,443819,1202637129.9,34644,147959,33.34,2747.430000000002,110.36055311660549,2968.151106233213,2526.7088937667913,1
2019-02-26,HEROMOTOCO,EQ,2712.5,2706.55,2713.0,2614.0,2676.1,2689.05,2672.05,751767,2008758894.75,46236,199133,26.49,2750.217500000002,108.00505504126313,2966.2276100825284,2534.2073899174757,1
2019-02-27,HEROMOTOCO,EQ,2689.05,2695.0,2743.0,2661.0,2672.7,2678.55,2703.32,581837,1572890409.25,35683,169560,29.14,2753.595000000002,104.41902289380936,2962.433045787621,2544.7569542123833,1
2019-02-28,HEROMOTOCO,EQ,2678.55,2700.1,2707.6,2620.0,2630.0,2628.1,2639.22,870312,2296946253.85,58789,360092,41.38,2754.3025000000025,103.46664155401155,2961.2357831080258,2547.3692168919792,1
2019-03-01,HEROMOTOCO,EQ,2628.1,2649.9,2690.6,2640.05,2682.0,2675.6,2671.96,918224,2453459024.15,48034,463399,50.47,2747.720000000002,104.10663359213626,2955.9332671842744,2539.5067328157297,1
2019-03-05,HEROMOTOCO,EQ,2675.6,2669.95,2822.0,2652.05,2794.0,2795.65,2751.7,1107587,3047742716.5,75722,332085,29.98,2748.495000000002,104.4179858221297,2957.3309716442614,2539.659028355743,2
2019-03-06,HEROMOTOCO,EQ,2795.65,2795.0,2815.0,2742.0,2769.0,2765.85,2766.96,631138,1746332315.05,56984,174330,27.62,2744.060000000002,101.51985753376901,2947.0997150675403,2541.020284932464,1
2019-03-07,HEROMOTOCO,EQ,2765.85,2770.0,2779.0,2721.0,2724.95,2730.1,2743.88,394045,1081212522.85,39967,104297,26.47,2736.562500000002,96.35370677458661,2929.269913549175,2543.855086450829,1
2019-03-08,HEROMOTOCO,EQ,2730.1,2731.0,2758.45,2699.95,2747.2,2740.35,2720.51,674840,1835906041.05,33701,309538,45.87,2726.6275000000014,83.80295572442722,2894.233411448856,2559.021588551147,1
2019-03-11,HEROMOTOCO,EQ,2740.35,2745.0,2828.4,2745.0,2809.5,2814.75,2806.52,857601,2406870741.6,50022,243298,28.37,2720.4225000000015,70.85675593642767,2862.1360118728567,2578.7089881271463,2
2019-03-12,HEROMOTOCO,EQ,2814.75,2840.0,2849.4,2790.1,2802.85,2808.45,2810.08,840207,2361045415.95,54787,317164,37.75,2716.3925000000013,62.568575589573165,2841.5296511791475,2591.255348820855,2
2019-03-13,HEROMOTOCO,EQ,2808.45,2814.0,2828.0,2790.6,2810.0,2803.65,2810.97,380361,1069184130.75,40228,123867,32.57,2716.597500000001,62.861404515202494,2842.3203090304064,2590.874690969596,2
2019-03-14,HEROMOTOCO,EQ,2803.65,2813.0,2818.0,2744.1,2753.0,2751.7,2765.76,497697,1376511546.0,36839,130688,26.26,2716.6100000000015,62.86872412954276,2842.347448259087,2590.872551740916,2
2019-03-15,HEROMOTOCO,EQ,2751.7,2771.0,2771.0,2717.1,2735.85,2735.85,2737.43,916870,2509867236.1,56174,476636,51.99,2714.5925000000016,61.488063186817094,2837.5686263736357,2591.6163736263675,2
2019-03-18,HEROMOTOCO,EQ,2735.85,2745.0,2763.15,2662.0,2671.0,2669.5,2699.63,830642,2242422734.35,50718,378698,45.59,2713.2450000000017,62.19778490718732,2837.6405698143762,2588.849430185627,2
2019-03-19,HEROMOTOCO,EQ,2669.5,2659.0,2659.0,2601.0,2615.0,2614.05,2615.19,978189,2558153842.6,75876,325764,33.3,2709.7700000000013,65.78236325780465,2841.334726515611,2578.205273484392,2
2019-03-20,HEROMOTOCO,EQ,2614.05,2614.05,2645.0,2593.05,2608.0,2609.15,2617.96,877100,2296212736.75,54589,313680,35.76,2708.3850000000016,67.66315972671399,2843.7113194534295,2573.0586805465737,2
2019-03-22,HEROMOTOCO,EQ,2609.15,2624.45,2637.95,2594.05,2601.0,2603.3,2614.75,566228,1480541879.35,62469,244169,43.12,2707.362500000002,69.14767734990822,2845.6578546998185,2569.0671453001855,2
2019-03-25,HEROMOTOCO,EQ,2603.3,2594.0,2608.8,2537.05,2572.0,2575.7,2571.79,854446,2197457215.7,79002,337880,39.54,2704.085000000002,73.84048793099208,2851.765975861986,2556.4040241380176,2
2019-03-26,HEROMOTOCO,EQ,2575.7,2586.0,2604.7,2546.8,2574.5,2574.45,2572.87,555742,1429851330.25,49692,236022,42.47,2698.8150000000014,79.22598440698209,2857.266968813966,2540.363031186037,2
2019-03-27,HEROMOTOCO,EQ,2574.45,2593.8,2594.0,2535.0,2538.35,2543.2,2562.13,760530,1948575153.35,57977,432481,56.87,2690.3500000000013,86.4060183088664,2863.162036617734,2517.5379633822686,2
2019-03-28,HEROMOTOCO,EQ,2543.2,2550.0,2558.0,2515.0,2530.0,2525.75,2529.57,1147361,2902331999.5,91193,581596,50.69,2682.1850000000013,93.92385647843453,2870.0327129568705,2494.337287043132,1
2019-03-29,HEROMOTOCO,EQ,2525.75,2540.0,2577.75,2526.2,2552.1,2553.15,2551.36,1164408,2970824340.8,83625,508096,43.64,2675.9150000000013,98.26459594269708,2872.4441918853954,2479.3858081146072,1
2019-04-01,HEROMOTOCO,EQ,2553.15,2573.0,2593.4,2545.0,2555.0,2558.5,2576.57,832495,2144981785.5,56293,405111,48.66,2672.4350000000013,101.23461169607546,2874.9042233921523,2469.9657766078503,1
2019-04-02,HEROMOTOCO,EQ,2558.5,2550.4,2599.0,2545.0,2577.95,2569.95,2579.95,1063757,2744442226.05,61026,474196,44.58,2667.152500000001,103.78508851793782,2874.7226770358766,2459.5823229641255,1
2019-04-03,HEROMOTOCO,EQ,2569.95,2586.95,2594.0,2567.0,2580.3,2580.45,2582.36,1427316,3685838651.75,57665,1082919,75.87,2656.392500000001,100.87660815253614,2858.145716305073,2454.6392836949285,1
2019-04-04,HEROMOTOCO,EQ,2580.45,2599.95,2648.7,2595.0,2630.0,2637.2,2623.98,2007440,5267489856.85,94022,785627,39.14,2649.960000000001,97.57738575365794,2845.1147715073166,2454.8052284926853,1
2019-04-05,HEROMOTOCO,EQ,2637.2,2652.0,2664.0,2605.1,2622.0,2618.4,2625.89,722753,1897866520.8,44445,264904,36.65,2644.375000000001,95.93181446375128,2836.2386289275037,2452.511371072498,1
2019-04-08,HEROMOTOCO,EQ,2618.4,2628.0,2643.95,2581.0,2590.0,2586.85,2604.29,723035,1882989419.8,42623,286088,39.57,2636.700000000001,93.96952473509228,2824.639049470186,2448.7609505298165,1
2019-04-09,HEROMOTOCO,EQ,2586.85,2590.0,2631.95,2568.8,2631.0,2623.65,2598.79,769508,1999788815.85,45187,312354,40.59,2627.1450000000013,84.11073512429654,2795.3664702485944,2458.9235297514083,2
2019-04-10,HEROMOTOCO,EQ,2623.65,2619.0,2619.0,2586.8,2591.95,2594.4,2598.14,672025,1746016020.7,50898,354299,52.72,2616.4425000000015,72.66634686769981,2761.775193735401,2471.109806264602,2
2019-04-11,HEROMOTOCO,EQ,2594.4,2600.0,2612.0,2589.65,2600.0,2601.1,2602.58,608414,1583445309.4,29971,383068,62.96,2606.3150000000014,57.79500092196968,2721.9050018439407,2490.724998156062,2
2019-04-12,HEROMOTOCO,EQ,2601.1,2597.0,2644.8,2591.15,2635.0,2639.9,2624.78,925046,2428038029.4,44669,487272,52.68,2600.7250000000013,47.47917687611696,2695.6833537522352,2505.7666462477673,2
2019-04-15,HEROMOTOCO,EQ,2639.9,2653.0,2710.9,2646.05,2702.95,2700.7,2690.92,958245,2578563772.9,58471,348158,36.33,2598.9675000000016,42.61555891729669,2684.198617834595,2513.736382165408,2
2019-04-16,HEROMOTOCO,EQ,2700.7,2723.75,2749.9,2715.0,2740.55,2739.65,2735.41,741047,2027068616.55,36378,383648,51.77,2602.4750000000013,50.82286705589312,2704.1207341117874,2500.829265888215,2
2019-04-18,HEROMOTOCO,EQ,2739.65,2742.9,2759.9,2732.55,2742.4,2741.55,2746.08,563893,1548496557.1,42184,333054,59.06,2608.8500000000013,59.59131648144351,2728.0326329628883,2489.667367037114,2
2019-04-22,HEROMOTOCO,EQ,2741.55,2741.55,2749.95,2685.0,2690.0,2689.5,2714.39,453998,1232328010.95,32064,241064,53.1,2612.867500000001,62.26129209559213,2737.3900841911855,2488.344915808817,2
2019-04-23,HEROMOTOCO,EQ,2689.5,2689.0,2727.35,2615.0,2640.0,2638.05,2692.22,395502,1064778643.4,25875,129576,32.76,2614.6050000000014,62.46478776493137,2739.534575529864,2489.6754244701388,2
2019-04-24,HEROMOTOCO,EQ,2638.05,2650.0,2661.6,2582.15,2615.9,2611.9,2604.23,940782,2450010879.7,60397,503413,53.51,2616.415000000002,61.79905488113991,2740.0131097622816,2492.816890237722,2
2019-04-25,HEROMOTOCO,EQ,2611.9,2618.0,2638.0,2597.65,2610.85,2612.25,2616.74,690718,1807429592.1,46303,391265,56.65,2618.3050000000017,61.021214818179146,2740.34742963636,2496.262570363643,2
2019-04-26,HEROMOTOCO,EQ,2612.25,2610.0,2616.75,2573.7,2593.45,2604.0,2599.62,727578,1891428226.4,35513,291850,40.11,2621.345000000002,58.546978213110094,2738.4389564262224,2504.2510435737818,2
2019-04-30,HEROMOTOCO,EQ,2604.0,2573.0,2574.0,2477.0,2505.05,2511.85,2519.33,1634120,4116882220.2,111435,567158,34.71,2620.650000000002,59.81036479435443,2740.2707295887108,2501.029270411293,2
2019-05-02,HEROMOTOCO,EQ,2511.85,2510.0,2569.4,2492.5,2555.0,2551.7,2544.98,937946,2387050770.45,64587,472538,50.38,2620.5775000000017,59.897307897873844,2740.3721157957493,2500.782884204254,2
2019-05-03,HEROMOTOCO,EQ,2551.7,2550.0,2587.0,2537.4,2563.2,2565.4,2567.53,674666,1732226113.0,32739,318523,47.21,2620.9225000000015,59.53973568123771,2740.001971362477,2501.843028637526,2
2019-05-06,HEROMOTOCO,EQ,2565.4,2540.0,2563.0,2525.1,2530.2,2531.3,2541.08,463670,1178224624.4,28592,258224,55.69,2618.990000000002,61.863146073384385,2742.7162921467707,2495.2637078532334,2
2019-05-07,HEROMOTOCO,EQ,2531.3,2567.9,2568.0,2521.5,2529.0,2527.35,2546.23,347427,884627610.85,29584,129747,37.35,2616.335000000002,64.67957682210314,2745.694153644208,2486.9758463557955,2
2019-05-08,HEROMOTOCO,EQ,2527.35,2525.8,2540.85,2481.6,2496.0,2499.7,2515.26,406025,1021259080.55,32136,176406,43.45,2609.460000000002,69.47493603331813,2748.409872066638,2470.5101279333658,2
2019-05-09,HEROMOTOCO,EQ,2499.7,2499.0,2555.0,2490.6,2540.0,2537.75,2536.33,585480,1484972151.3,40511,203100,34.69,2605.427500000002,71.24669793819757,2747.920895876397,2462.934104123607,2
2019-05-10,HEROMOTOCO,EQ,2537.75,2535.0,2560.0,2500.05,2506.05,2507.3,2529.09,332771,841608628.15,23272,118956,35.75,2601.450000000002,74.48532882734547,2750.420657654693,2452.479342345311,2
2019-05-13,HEROMOTOCO,EQ,2507.3,2507.3,2537.5,2500.0,2509.05,2510.75,2520.21,313902,791100264.85,23484,117837,37.54,2595.805000000002,76.95164219711963,2749.708284394241,2441.901715605763,2
